"";"X";"V1";"V2";"V3";"V4";"V5";"V6";"V7";"V8";"V9"
"1";1;0;0;0;0;0;0;0;0;0
"2";2;0;0;0;0;0;0;0;0;0
"3";3;0;0;0;0;0;0;0;0;0
"4";4;0;0;0;0;0;0;0;0;0
"5";5;0;0;0;0;0;0;0;0;0
"6";6;0;0;0;0;0;0;2;2;2
"7";7;0;0;0;0;0;0;0;0;0
"8";8;0;0;0;0;0;0;2;2;2
"9";9;0;0;0;0;0;0;0;0;0
"10";10;0;0;0;0;0;0;0;0;0
"11";11;0;0;0;0;0;0;0;0;0
"12";12;0;0;0;0;0;0;0;0;0
"13";13;0;0;0;0;0;0;0;0;0
"14";14;0;0;4;4;4;4;4;4;4
"15";15;0;0;0;0;0;0;2;2;2
"16";16;0;0;4;4;4;4;4;4;4
"17";17;0;0;0;0;0;0;2;2;2
"18";18;0;0;0;0;0;0;0;0;0
"19";19;0;0;0;0;0;0;2;2;2
"20";20;0;0;0;0;0;0;0;0;0
"21";21;0;0;0;0;0;0;0;0;0
"22";22;0;0;0;0;0;0;0;0;0
"23";23;0;0;0;0;0;0;0;0;0
"24";24;0;0;0;0;0;0;0;0;0
"25";25;0;0;0;0;0;0;0;0;0
"26";26;0;0;0;0;0;0;0;0;0
"27";27;0;0;0;0;0;0;0;0;0
"28";28;0;0;0;0;0;0;0;0;0
"29";29;0;0;0;0;0;0;0;0;0
"30";30;0;0;0;0;0;0;0;0;0
"31";31;0;0;0;0;0;0;0;0;0
"32";32;0;0;0;0;0;0;0;0;0
"33";33;0;0;0;0;0;0;2;2;2
"34";34;0;0;0;0;0;0;0;0;0
"35";35;0;0;0;0;0;0;0;0;0
"36";36;0;0;0;0;0;0;0;0;0
"37";37;0;0;0;0;0;0;0;0;0
"38";38;0;0;4;4;4;4;4;4;4
"39";39;0;0;4;4;4;4;4;4;4
"40";40;0;0;4;4;4;4;4;4;4
"41";41;0;0;4;4;4;4;4;4;4
"42";42;0;0;4;4;4;4;4;4;4
"43";43;0;0;4;4;4;4;4;4;4
"44";44;0;0;4;4;4;4;4;4;4
"45";45;0;0;4;4;4;4;4;4;4
"46";46;0;0;4;4;4;4;4;4;4
"47";47;0;0;4;4;4;4;4;4;4
"48";48;0;0;4;4;4;4;4;4;4
"49";49;0;0;4;4;4;4;4;4;4
"50";50;0;0;4;4;4;4;4;4;4
"51";51;0;0;4;4;4;4;4;4;4
"52";52;0;0;0;0;0;0;0;0;0
"53";53;0;0;0;0;0;0;2;2;2
"54";54;0;0;0;0;0;0;2;2;2
"55";55;0;0;0;0;0;0;2;2;2
"56";56;0;0;0;0;0;0;0;0;0
"57";57;0;0;0;0;0;0;2;2;2
"58";58;0;0;0;0;0;0;2;2;2
"59";59;0;0;0;0;0;0;3;3;3
"60";60;0;0;0;0;0;0;3;3;3
"61";61;0;0;4;4;4;4;4;4;4
"62";62;0;0;0;0;0;0;0;0;0
"63";63;0;0;0;0;0;0;2;2;2
"64";64;0;0;0;0;0;0;3;3;3
"65";65;0;0;4;4;4;4;4;4;4
"66";66;0;0;0;0;0;0;2;2;2
"67";67;0;0;0;0;0;0;0;0;0
"68";68;0;0;0;0;0;0;2;2;2
"69";69;0;0;0;0;0;0;2;2;2
"70";70;0;0;0;0;0;0;0;0;1
"71";71;0;0;4;4;4;4;4;4;4
"72";72;0;0;0;0;0;0;0;0;0
"73";73;0;0;0;0;0;0;2;2;2
"74";74;0;0;0;0;0;0;0;0;0
"75";75;0;0;0;0;0;0;0;0;0
"76";76;0;0;0;0;0;0;0;0;0
"77";77;0;0;0;0;0;0;2;2;2
"78";78;0;0;0;0;0;0;0;0;0
"79";79;0;0;0;0;0;0;0;0;0
"80";80;0;0;0;0;0;0;0;0;0
"81";81;0;0;0;0;0;0;2;2;2
"82";82;0;0;0;0;0;0;0;0;0
"83";83;0;0;0;0;0;0;0;0;0
"84";84;0;0;0;0;0;0;3;3;3
"85";85;0;0;0;0;0;0;0;0;0
"86";86;0;0;0;0;0;0;0;0;0
"87";87;0;0;0;0;0;0;0;0;0
"88";88;0;0;0;0;0;0;0;0;0
"89";89;0;0;0;0;0;0;3;3;3
"90";90;0;0;0;0;0;0;0;0;1
"91";91;0;0;0;0;0;0;0;0;0
"92";92;0;0;0;0;0;0;3;3;3
"93";93;0;0;0;0;0;0;3;3;3
"94";94;0;0;0;0;0;0;3;3;3
"95";95;0;0;0;0;0;0;0;0;0
"96";96;0;0;0;0;0;0;0;0;1
"97";97;0;0;0;0;0;0;0;0;0
"98";98;0;0;4;4;4;4;4;4;4
"99";99;0;0;0;0;0;0;0;0;1
"100";100;0;0;4;4;4;4;4;4;4
"101";101;0;0;4;4;4;4;4;4;4
"102";102;0;0;0;0;0;0;2;2;2
"103";103;0;0;0;0;0;0;0;0;0
"104";104;0;0;0;0;0;0;2;2;2
"105";105;0;0;0;0;0;0;3;3;3
"106";106;0;0;0;0;0;0;0;0;0
"107";107;0;0;0;0;0;0;0;0;0
"108";108;0;0;0;0;0;0;0;0;0
"109";109;0;0;0;0;0;0;0;0;1
"110";110;0;0;0;0;0;0;0;0;1
"111";111;0;0;4;4;4;4;4;4;4
"112";112;0;0;0;0;0;0;0;0;0
"113";113;0;0;0;0;0;0;0;0;1
"114";114;0;0;0;0;0;0;2;2;2
"115";115;0;0;0;0;0;0;0;0;1
"116";116;0;0;0;0;0;0;0;0;1
"117";117;0;0;0;0;0;0;0;0;1
"118";118;0;0;0;0;0;0;0;0;0
"119";119;0;0;0;0;0;0;0;0;1
"120";120;0;0;0;0;0;0;0;0;1
"121";121;0;0;0;0;0;0;2;2;2
"122";122;0;0;0;0;0;0;0;0;1
"123";123;0;0;0;0;0;0;0;0;1
"124";124;0;0;0;0;0;0;0;0;0
"125";125;0;0;0;0;0;0;2;2;2
"126";126;0;0;0;0;0;0;2;2;2
"127";127;0;0;0;0;0;0;0;0;1
"128";128;0;0;0;0;0;0;0;0;0
"129";129;0;0;0;0;0;0;2;2;2
"130";130;0;0;0;0;0;0;0;0;1
"131";131;0;0;0;0;0;0;2;2;2
"132";132;0;0;0;0;0;0;3;3;3
"133";133;0;0;0;0;0;0;2;2;2
"134";134;0;0;0;0;0;0;0;0;0
"135";135;0;0;0;0;0;0;0;0;0
"136";136;0;0;0;0;0;0;0;0;1
"137";137;0;0;0;0;0;0;0;0;1
"138";138;0;0;0;0;0;0;0;0;1
"139";139;0;0;0;0;0;0;0;0;1
"140";140;0;0;0;0;0;0;0;0;1
"141";141;0;0;0;0;0;0;0;0;1
"142";142;0;0;0;0;0;0;0;0;0
"143";143;0;0;0;0;0;0;0;0;1
"144";144;0;0;0;0;0;0;0;0;1
"145";145;0;0;0;0;0;0;0;0;1
"146";146;0;0;0;0;0;0;0;0;1
"147";147;0;0;0;0;0;0;0;0;1
"148";148;0;0;0;0;0;0;0;0;0
"149";149;0;0;0;0;0;0;2;2;2
"150";150;0;0;0;0;0;0;2;2;2
"151";151;0;0;0;0;0;0;2;2;2
"152";152;0;0;0;0;0;0;2;2;2
"153";153;0;0;0;0;0;0;2;2;2
"154";154;0;0;0;0;0;0;2;2;2
"155";155;0;0;0;0;0;0;2;2;2
"156";156;0;0;0;0;0;0;2;2;2
"157";157;0;0;0;0;0;0;2;2;2
"158";158;0;0;0;0;0;0;0;0;1
"159";159;0;0;0;0;0;0;2;2;2
"160";160;0;0;0;0;0;0;3;3;3
"161";161;0;0;0;0;0;0;2;2;2
"162";162;0;0;0;0;0;0;2;2;2
"163";163;0;0;0;0;0;0;3;3;3
"164";164;0;0;0;0;0;0;3;3;3
"165";165;0;0;0;0;0;0;3;3;3
"166";166;0;0;0;0;0;0;2;2;2
"167";167;0;0;0;0;0;0;3;3;3
"168";168;0;0;0;0;0;0;2;2;2
"169";169;0;0;0;0;0;0;2;2;2
"170";170;0;0;0;0;0;0;2;2;2
"171";171;0;0;0;0;0;0;2;2;2
"172";172;0;0;0;0;0;0;2;2;2
"173";173;0;0;0;0;0;0;3;3;3
"174";174;0;0;0;0;0;0;2;2;2
"175";175;0;0;0;0;0;0;2;2;2
"176";176;0;0;0;0;0;0;2;2;2
"177";177;0;0;0;0;0;0;2;2;2
"178";178;0;0;0;0;0;0;2;2;2
"179";179;0;0;0;0;0;0;2;2;2
"180";180;0;0;0;0;0;0;2;2;2
"181";181;0;0;0;0;0;0;2;2;2
"182";182;0;0;0;0;0;0;2;2;2
"183";183;0;0;0;0;0;0;2;2;2
"184";184;0;0;0;0;0;0;3;3;3
"185";185;0;0;0;0;0;0;2;2;2
"186";186;0;0;0;0;0;0;2;2;2
"187";187;0;0;0;0;0;0;3;3;3
"188";188;0;0;0;0;0;0;2;2;2
"189";189;0;0;0;0;0;0;2;2;2
"190";190;0;0;0;0;0;0;2;2;2
"191";191;0;0;0;0;0;0;2;2;2
"192";192;0;0;0;0;0;0;2;2;2
"193";193;0;0;0;0;0;0;2;2;2
"194";194;0;0;0;0;0;0;2;2;2
"195";195;0;0;0;0;0;0;2;2;2
"196";196;0;0;0;0;0;0;2;2;2
"197";197;0;0;0;0;0;0;2;2;2
"198";198;0;0;0;0;0;0;2;2;2
"199";199;0;0;0;0;0;0;3;3;3
"200";200;0;0;0;0;0;0;3;3;3
"201";201;0;0;0;0;0;0;3;3;3
"202";202;0;0;0;0;0;0;0;0;0
"203";203;0;0;0;0;0;0;0;0;0
"204";204;0;0;0;0;0;0;0;0;0
"205";205;0;0;0;0;0;0;0;0;0
"206";206;0;0;0;0;0;0;0;0;0
"207";207;0;0;0;0;0;0;0;0;0
"208";208;0;0;0;0;0;0;0;0;0
"209";209;0;0;0;0;0;0;0;0;0
"210";210;0;0;0;0;0;0;0;0;0
"211";211;0;0;0;0;0;0;0;0;0
"212";212;0;0;0;0;0;0;3;3;3
"213";213;0;0;0;0;0;0;0;0;0
"214";214;0;0;0;0;0;0;2;2;2
"215";215;0;0;0;0;0;0;3;3;3
"216";216;0;0;0;0;0;0;2;2;2
"217";217;0;0;0;0;0;0;3;3;3
"218";218;0;0;0;0;0;0;2;2;2
"219";219;0;0;0;0;0;0;3;3;3
"220";220;0;0;0;0;0;0;2;2;2
"221";221;0;0;0;0;0;0;0;0;0
"222";222;0;0;0;0;0;0;2;2;2
"223";223;0;0;0;0;0;0;0;0;0
"224";224;0;0;0;0;0;0;3;3;3
"225";225;0;0;0;0;0;0;2;2;2
"226";226;0;0;0;0;0;0;0;0;0
"227";227;0;0;0;0;0;0;3;3;3
"228";228;0;0;0;0;0;0;0;0;0
"229";229;0;0;0;0;0;0;2;2;2
"230";230;0;0;0;0;0;0;0;0;0
"231";231;0;0;0;0;0;0;3;3;3
"232";232;0;0;0;0;0;0;3;3;3
"233";233;0;0;0;0;0;0;2;2;2
"234";234;0;0;0;0;0;0;3;3;3
"235";235;0;0;0;0;0;0;3;3;3
"236";236;0;0;0;0;0;0;2;2;2
"237";237;0;0;0;0;0;0;2;2;2
"238";238;0;0;0;0;0;0;0;0;0
"239";239;0;0;0;0;0;0;0;0;0
"240";240;0;0;0;0;0;0;2;2;2
"241";241;0;0;0;0;0;0;0;0;0
"242";242;0;0;0;0;0;0;0;0;0
"243";243;0;0;0;0;0;0;2;2;2
"244";244;0;0;0;0;0;0;2;2;2
"245";245;0;0;0;0;0;0;2;2;2
"246";246;0;0;0;0;0;0;0;0;0
"247";247;0;0;0;0;0;0;3;3;3
"248";248;0;0;0;0;0;0;3;3;3
"249";249;0;0;0;0;0;0;3;3;3
"250";250;0;0;0;0;0;0;3;3;3
"251";251;0;0;0;0;0;0;3;3;3
"252";252;0;0;0;0;0;0;3;3;3
"253";253;0;0;0;0;0;0;3;3;3
"254";254;0;0;0;0;0;0;0;0;0
"255";255;0;0;0;0;0;0;3;3;3
"256";256;0;0;0;0;0;0;3;3;3
"257";257;0;0;0;0;0;0;0;0;0
"258";258;0;0;0;0;0;0;3;3;3
"259";259;0;0;0;0;0;0;3;3;3
"260";260;0;0;0;0;0;0;2;2;2
"261";261;0;0;0;0;0;0;0;0;0
"262";262;0;0;0;0;0;0;0;0;0
"263";263;0;0;0;0;0;0;3;3;3
"264";264;0;0;0;0;0;0;0;0;1
"265";265;0;0;0;0;0;0;3;3;3
"266";266;0;0;0;0;0;0;0;0;1
"267";267;0;0;0;0;0;0;3;3;3
"268";268;0;0;0;0;0;0;0;0;0
"269";269;0;0;0;0;0;0;0;0;0
"270";270;0;0;0;0;0;0;3;3;3
"271";271;0;0;0;0;0;0;0;0;0
"272";272;0;0;0;0;0;0;0;0;0
"273";273;0;0;0;0;0;0;3;3;3
"274";274;0;0;0;0;0;0;0;0;1
"275";275;0;0;0;0;0;0;0;0;1
"276";276;0;0;0;0;0;0;3;3;3
"277";277;0;0;0;0;0;0;3;3;3
"278";278;0;0;0;0;0;0;3;3;3
"279";279;0;0;0;0;0;0;3;3;3
"280";280;0;0;0;0;0;0;0;0;0
"281";281;0;0;0;0;0;0;3;3;3
"282";282;0;0;0;0;0;0;0;0;0
"283";283;0;0;0;0;0;0;0;0;0
"284";284;0;0;0;0;0;0;3;3;3
"285";285;0;0;0;0;0;0;0;0;1
"286";286;0;0;0;0;0;0;0;0;1
"287";287;0;0;0;0;0;0;0;0;1
"288";288;0;0;0;0;0;0;0;0;1
"289";289;0;0;0;0;0;0;0;0;0
"290";290;0;0;0;0;0;0;0;0;1
"291";291;0;0;0;0;0;0;3;3;3
"292";292;0;0;0;0;0;0;0;0;1
"293";293;0;0;0;0;0;0;0;0;1
"294";294;0;0;0;0;0;0;0;0;1
"295";295;0;0;0;0;0;0;2;2;2
"296";296;0;0;0;0;0;0;0;0;1
"297";297;0;0;0;0;0;0;3;3;3
"298";298;0;0;0;0;0;0;3;3;3
"299";299;0;0;0;0;0;0;0;0;0
"300";300;0;0;0;0;0;0;0;0;0
"301";301;0;0;0;0;0;0;0;0;0
"302";302;0;0;0;0;0;0;0;0;0
"303";303;0;0;0;0;0;0;3;3;3
"304";304;0;0;0;0;0;0;0;0;0
"305";305;0;0;0;0;0;0;0;0;1
"306";306;0;0;0;0;0;0;0;0;0
"307";307;0;0;0;0;0;0;0;0;0
"308";308;0;0;0;0;0;0;0;0;0
"309";309;0;0;0;0;0;0;0;0;0
"310";310;0;0;0;0;0;0;0;0;0
"311";311;0;0;0;0;0;0;0;0;0
"312";312;0;0;0;0;0;0;0;0;0
"313";313;0;0;0;0;0;0;0;0;1
"314";314;0;0;0;0;0;0;0;0;1
"315";315;0;0;0;0;0;0;0;0;0
"316";316;0;0;0;0;0;0;2;2;2
"317";317;0;0;0;0;0;0;3;3;3
"318";318;0;0;0;0;0;0;0;0;0
"319";319;0;0;0;0;0;0;2;2;2
"320";320;0;0;0;0;0;0;0;0;0
"321";321;0;0;4;4;4;4;4;4;4
"322";322;0;0;0;0;0;0;0;0;0
"323";323;0;0;0;0;0;0;3;3;3
"324";324;0;0;0;0;0;0;0;0;1
"325";325;0;0;0;0;0;0;0;0;0
"326";326;0;0;0;0;0;0;0;0;0
"327";327;0;0;0;0;0;0;0;0;0
"328";328;0;0;0;0;0;0;3;3;3
"329";329;0;0;0;0;0;0;0;0;0
"330";330;0;0;0;0;0;0;3;3;3
"331";331;0;0;0;0;0;0;0;0;0
"332";332;0;0;0;0;0;0;0;0;0
"333";333;0;0;0;0;0;0;0;0;0
"334";334;0;0;0;0;0;0;0;0;0
"335";335;0;0;0;0;0;0;0;0;0
"336";336;0;0;0;0;0;0;0;0;0
"337";337;0;0;0;0;0;0;0;0;0
"338";338;0;0;0;0;0;0;3;3;3
"339";339;0;0;0;0;0;0;3;3;3
"340";340;0;0;0;0;0;0;3;3;3
"341";341;0;0;0;0;0;0;0;0;0
"342";342;0;0;0;0;0;0;3;3;3
"343";343;0;0;0;0;0;0;0;0;0
"344";344;0;0;0;0;0;0;2;2;2
"345";345;0;0;0;0;0;0;0;0;0
"346";346;0;0;0;0;0;0;3;3;3
"347";347;0;0;0;0;0;0;0;0;0
"348";348;0;0;0;0;0;0;2;2;2
"349";349;0;0;0;0;0;0;3;3;3
"350";350;0;0;0;0;0;0;0;0;1
"351";351;0;0;4;4;4;4;4;4;4
"352";352;0;0;0;0;0;0;3;3;3
"353";353;0;0;0;0;0;0;0;0;0
"354";354;0;0;4;4;4;4;4;4;4
"355";355;0;0;0;0;0;0;0;0;1
"356";356;0;0;0;0;0;0;0;0;0
"357";357;0;0;0;0;0;0;0;0;0
"358";358;0;0;0;0;0;0;0;0;1
"359";359;0;0;0;0;0;0;0;0;1
"360";360;0;0;0;0;0;0;2;2;2
"361";361;0;0;0;0;0;0;0;0;1
"362";362;0;0;0;0;0;0;0;0;1
"363";363;0;0;0;0;0;0;0;0;0
"364";364;0;0;0;0;0;0;0;0;0
"365";365;0;0;0;0;0;0;0;0;1
"366";366;0;0;0;0;0;0;3;3;3
"367";367;0;0;4;4;4;4;4;4;4
"368";368;0;0;0;0;0;0;0;0;1
"369";369;0;0;0;0;0;0;0;0;1
"370";370;0;0;0;0;0;0;0;0;1
"371";371;0;0;0;0;0;0;0;0;1
"372";372;0;0;0;0;0;0;0;0;1
"373";373;0;0;0;0;0;0;3;3;3
"374";374;0;0;0;0;0;0;0;0;1
"375";375;0;0;0;0;0;0;0;0;1
"376";376;0;0;0;0;0;0;0;0;1
"377";377;0;0;0;0;0;0;0;0;1
"378";378;0;0;0;0;0;0;0;0;1
"379";379;0;0;0;0;0;0;0;0;1
"380";380;0;0;0;0;0;0;0;0;1
"381";381;0;0;0;0;0;0;0;0;1
"382";382;0;0;0;0;0;0;0;0;1
"383";383;0;0;0;0;0;0;3;3;3
"384";384;0;0;0;0;0;0;3;3;3
"385";385;0;0;0;0;0;0;0;0;1
"386";386;0;0;0;0;0;0;0;0;1
"387";387;0;0;0;0;0;0;2;2;2
"388";388;0;0;0;0;0;0;0;0;1
"389";389;0;0;0;0;0;0;0;0;1
"390";390;0;0;0;0;0;0;0;0;1
"391";391;0;0;0;0;0;0;3;3;3
"392";392;0;0;0;0;0;0;0;0;1
"393";393;0;0;0;0;0;0;0;0;1
"394";394;0;0;0;0;0;0;0;0;1
"395";395;0;0;0;0;0;0;0;0;1
"396";396;0;0;0;0;0;0;0;0;1
"397";397;0;0;0;0;0;0;0;0;1
"398";398;0;0;0;0;0;0;0;0;1
"399";399;0;0;0;0;0;0;2;2;2
"400";400;0;0;0;0;0;0;3;3;3
"401";401;0;0;0;0;0;0;2;2;2
"402";402;0;0;0;0;0;0;0;0;1
"403";403;0;0;4;4;4;4;4;4;4
"404";404;0;0;4;4;4;4;4;4;4
"405";405;0;0;4;4;4;4;4;4;4
"406";406;0;0;4;4;4;4;4;4;4
"407";407;0;0;4;4;4;4;4;4;4
"408";408;0;0;4;4;4;4;4;4;4
"409";409;0;0;4;4;4;4;4;4;4
"410";410;0;0;4;4;4;4;4;4;4
"411";411;0;0;4;4;4;4;4;4;4
"412";412;0;0;4;4;4;4;4;4;4
"413";413;0;0;4;4;4;4;4;4;4
"414";414;0;0;4;4;4;4;4;4;4
"415";415;0;0;4;4;4;4;4;4;4
"416";416;0;0;4;4;4;4;4;4;4
"417";417;0;0;4;4;4;4;4;4;4
"418";418;0;0;0;0;0;0;0;0;0
"419";419;0;0;4;4;4;4;4;4;4
"420";420;0;0;4;4;4;4;4;4;4
"421";421;0;0;4;4;4;4;4;4;4
"422";422;0;0;4;4;4;4;4;4;4
"423";423;0;0;4;4;4;4;4;4;4
"424";424;0;0;4;4;4;4;4;4;4
"425";425;0;0;4;4;4;4;4;4;4
"426";426;0;0;4;4;4;4;4;4;4
"427";427;0;0;0;0;0;0;0;0;1
"428";428;0;0;4;4;4;4;4;4;4
"429";429;0;0;4;4;4;4;4;4;4
"430";430;0;0;4;4;4;4;4;4;4
"431";431;0;0;4;4;4;4;4;4;4
"432";432;0;0;4;4;4;4;4;4;4
"433";433;0;0;4;4;4;4;4;4;4
"434";434;0;0;4;4;4;4;4;4;4
"435";435;0;0;4;4;4;4;4;4;4
"436";436;0;0;4;4;4;4;4;4;4
"437";437;0;0;4;4;4;4;4;4;4
"438";438;0;0;0;0;0;0;2;2;2
"439";439;0;0;4;4;4;4;4;4;4
"440";440;0;0;4;4;4;4;4;4;4
"441";441;0;0;4;4;4;4;4;4;4
"442";442;0;0;4;4;4;4;4;4;4
"443";443;0;0;4;4;4;4;4;4;4
"444";444;0;0;4;4;4;4;4;4;4
"445";445;0;0;4;4;4;4;4;4;4
"446";446;0;0;4;4;4;4;4;4;4
"447";447;0;0;4;4;4;4;4;4;4
"448";448;0;0;4;4;4;4;4;4;4
"449";449;0;0;4;4;4;4;4;4;4
"450";450;0;0;4;4;4;4;4;4;4
"451";451;0;0;4;4;4;4;4;4;4
"452";452;0;0;0;0;0;0;3;3;3
"453";453;0;0;4;4;4;4;4;4;4
"454";454;0;0;4;4;4;4;4;4;4
"455";455;0;0;4;4;4;4;4;4;4
"456";456;0;0;4;4;4;4;4;4;4
"457";457;0;0;4;4;4;4;4;4;4
"458";458;0;0;4;4;4;4;4;4;4
"459";459;0;0;4;4;4;4;4;4;4
"460";460;0;0;4;4;4;4;4;4;4
"461";461;0;0;4;4;4;4;4;4;4
"462";462;0;0;0;0;0;0;0;0;1
"463";463;0;0;4;4;4;4;4;4;4
"464";464;0;0;4;4;4;4;4;4;4
"465";465;0;0;0;0;0;0;2;2;2
"466";466;0;0;4;4;4;4;4;4;4
"467";467;0;0;4;4;4;4;4;4;4
"468";468;0;0;4;4;4;4;4;4;4
"469";469;0;0;4;4;4;4;4;4;4
"470";470;0;0;0;0;0;0;0;0;1
"471";471;0;0;0;0;0;0;0;0;1
"472";472;0;0;0;0;0;0;0;0;1
"473";473;0;0;0;0;0;0;0;0;1
"474";474;0;0;0;0;0;0;0;0;1
"475";475;0;0;0;0;0;0;0;0;1
"476";476;0;0;0;0;0;0;0;0;1
"477";477;0;0;0;0;0;0;3;3;3
"478";478;0;0;0;0;0;0;0;0;1
"479";479;0;0;4;4;4;4;4;4;4
"480";480;0;0;0;0;0;0;0;0;0
"481";481;0;0;0;0;0;0;0;0;1
"482";482;0;0;4;4;4;4;4;4;4
"483";483;0;0;4;4;4;4;4;4;4
"484";484;0;0;4;4;4;4;4;4;4
"485";485;0;0;4;4;4;4;4;4;4
"486";486;0;0;4;4;4;4;4;4;4
"487";487;0;0;0;0;0;0;3;3;3
"488";488;0;0;0;0;0;0;3;3;3
"489";489;0;0;0;0;0;0;0;0;1
"490";490;0;0;4;4;4;4;4;4;4
"491";491;0;0;4;4;4;4;4;4;4
"492";492;0;0;0;0;0;0;0;0;1
"493";493;0;0;4;4;4;4;4;4;4
"494";494;0;0;0;0;0;0;3;3;3
"495";495;0;0;0;0;0;0;0;0;1
"496";496;0;0;0;0;0;0;3;3;3
"497";497;0;0;0;0;0;0;0;0;1
"498";498;0;0;0;0;0;0;2;2;2
"499";499;0;0;0;0;0;0;0;0;0
"500";500;0;0;4;4;4;4;4;4;4
"501";501;0;0;4;4;4;4;4;4;4
"502";502;0;0;4;4;4;4;4;4;4
"503";503;0;0;0;0;0;0;3;3;3
"504";504;0;0;0;0;0;0;0;0;1
"505";505;0;0;4;4;4;4;4;4;4
"506";506;0;0;0;0;0;0;3;3;3
"507";507;0;0;4;4;4;4;4;4;4
"508";508;0;0;4;4;4;4;4;4;4
"509";509;0;0;4;4;4;4;4;4;4
"510";510;0;0;0;0;0;0;2;2;2
"511";511;0;0;4;4;4;4;4;4;4
"512";512;0;0;0;0;0;0;3;3;3
"513";513;0;0;0;0;0;0;0;0;1
"514";514;0;0;0;0;0;0;2;2;2
"515";515;0;0;0;0;0;0;3;3;3
"516";516;0;0;0;0;0;0;2;2;2
"517";517;0;0;0;0;0;0;3;3;3
"518";518;0;0;4;4;4;4;4;4;4
"519";519;0;0;4;4;4;4;4;4;4
"520";520;0;0;4;4;4;4;4;4;4
"521";521;0;0;0;0;0;0;2;2;2
"522";522;0;0;0;0;0;0;0;0;1
"523";523;0;0;0;0;0;0;0;0;1
"524";524;0;0;0;0;0;0;0;0;1
"525";525;0;0;0;0;0;0;2;2;2
"526";526;0;0;0;0;0;0;0;0;1
"527";527;0;0;0;0;0;0;0;0;1
"528";528;0;0;0;0;0;0;2;2;2
"529";529;0;0;4;4;4;4;4;4;4
"530";530;0;0;0;0;0;0;0;0;1
"531";531;0;0;0;0;0;0;2;2;2
"532";532;0;0;0;0;0;0;2;2;2
"533";533;0;0;0;0;0;0;3;3;3
"534";534;0;0;0;0;0;0;0;0;1
"535";535;0;0;4;4;4;4;4;4;4
"536";536;0;0;4;4;4;4;4;4;4
"537";537;0;0;4;4;4;4;4;4;4
"538";538;0;0;4;4;4;4;4;4;4
"539";539;0;0;4;4;4;4;4;4;4
"540";540;0;0;4;4;4;4;4;4;4
"541";541;0;0;4;4;4;4;4;4;4
"542";542;0;0;4;4;4;4;4;4;4
"543";543;0;0;4;4;4;4;4;4;4
"544";544;0;0;4;4;4;4;4;4;4
"545";545;0;0;4;4;4;4;4;4;4
"546";546;0;0;4;4;4;4;4;4;4
"547";547;0;0;4;4;4;4;4;4;4
"548";548;0;0;4;4;4;4;4;4;4
"549";549;0;0;4;4;4;4;4;4;4
"550";550;0;0;4;4;4;4;4;4;4
"551";551;0;0;4;4;4;4;4;4;4
"552";552;0;0;4;4;4;4;4;4;4
"553";553;0;0;4;4;4;4;4;4;4
"554";554;0;0;4;4;4;4;4;4;4
"555";555;0;0;0;0;0;0;3;3;3
"556";556;0;0;4;4;4;4;4;4;4
"557";557;0;0;4;4;4;4;4;4;4
"558";558;0;0;4;4;4;4;4;4;4
"559";559;0;0;4;4;4;4;4;4;4
"560";560;0;0;4;4;4;4;4;4;4
"561";561;0;0;4;4;4;4;4;4;4
"562";562;0;0;4;4;4;4;4;4;4
"563";563;0;0;0;0;0;0;0;0;1
"564";564;0;0;4;4;4;4;4;4;4
"565";565;0;0;4;4;4;4;4;4;4
"566";566;0;0;4;4;4;4;4;4;4
"567";567;0;0;4;4;4;4;4;4;4
"568";568;0;0;4;4;4;4;4;4;4
"569";569;0;0;4;4;4;4;4;4;4
"570";570;0;0;4;4;4;4;4;4;4
"571";571;0;0;4;4;4;4;4;4;4
"572";572;0;0;4;4;4;4;4;4;4
"573";573;0;0;4;4;4;4;4;4;4
"574";574;0;0;4;4;4;4;4;4;4
"575";575;0;0;4;4;4;4;4;4;4
"576";576;0;0;4;4;4;4;4;4;4
"577";577;0;0;4;4;4;4;4;4;4
"578";578;0;0;0;0;0;0;0;0;0
"579";579;0;0;4;4;4;4;4;4;4
"580";580;0;0;4;4;4;4;4;4;4
"581";581;0;0;4;4;4;4;4;4;4
"582";582;0;0;4;4;4;4;4;4;4
"583";583;0;0;0;0;0;0;0;0;1
"584";584;0;0;0;0;0;0;0;0;1
"585";585;0;0;0;0;0;0;0;0;1
"586";586;0;0;0;0;0;0;0;0;1
"587";587;0;0;0;0;0;0;0;0;1
"588";588;0;0;0;0;0;0;0;0;1
"589";589;0;0;0;0;0;0;0;0;1
"590";590;0;0;0;0;0;0;0;0;1
"591";591;0;0;0;0;0;0;0;0;1
"592";592;0;0;0;0;0;0;0;0;1
"593";593;0;0;0;0;0;0;0;0;1
"594";594;0;0;0;0;0;0;0;0;1
"595";595;0;0;0;0;0;0;0;0;1
"596";596;0;0;0;0;0;0;0;0;1
"597";597;0;0;0;0;0;0;0;0;1
"598";598;0;0;0;0;0;0;0;0;1
"599";599;0;0;0;0;0;0;0;0;1
"600";600;0;0;0;0;0;0;0;0;1
"601";601;0;0;0;0;0;0;0;0;1
"602";602;0;0;0;0;0;0;0;0;1
"603";603;0;0;0;0;0;0;0;0;1
"604";604;0;0;0;0;0;0;0;0;1
"605";605;0;0;0;0;0;0;0;0;1
"606";606;0;0;0;0;0;0;2;2;2
"607";607;0;0;0;0;0;0;2;2;2
"608";608;0;0;4;4;4;4;4;4;4
"609";609;0;0;0;0;0;0;3;3;3
"610";610;0;0;0;0;0;0;0;0;1
"611";611;0;0;0;0;0;0;0;0;1
"612";612;0;0;0;0;0;0;0;0;1
"613";613;0;0;0;0;0;0;0;0;1
"614";614;0;0;0;0;0;0;0;0;1
"615";615;0;0;0;0;0;0;2;2;2
"616";616;0;0;0;0;0;0;0;0;1
"617";617;0;0;0;0;0;0;0;0;1
"618";618;0;0;4;4;4;4;4;4;4
"619";619;0;0;0;0;0;0;0;0;1
"620";620;0;0;0;0;0;0;0;0;1
"621";621;0;0;0;0;0;0;0;0;1
"622";622;0;0;0;0;0;0;0;0;1
"623";623;0;0;0;0;0;0;0;0;1
"624";624;0;0;0;0;0;0;0;0;1
"625";625;0;0;0;0;0;0;0;0;1
"626";626;0;0;0;0;0;0;0;0;1
"627";627;0;0;4;4;4;4;4;4;4
"628";628;0;0;4;4;4;4;4;4;4
"629";629;0;0;4;4;4;4;4;4;4
"630";630;0;0;0;0;0;0;0;0;1
"631";631;0;0;0;0;0;0;0;0;1
"632";632;0;0;0;0;0;0;0;0;1
"633";633;0;0;4;4;4;4;4;4;4
"634";634;0;0;4;4;4;4;4;4;4
"635";635;0;0;4;4;4;4;4;4;4
"636";636;0;0;0;0;0;0;0;0;1
"637";637;0;0;0;0;0;0;0;0;1
"638";638;0;0;0;0;0;0;0;0;1
"639";639;0;0;0;0;0;0;0;0;1
"640";640;0;0;0;0;0;0;0;0;1
"641";641;0;0;4;4;4;4;4;4;4
"642";642;0;0;0;0;0;0;2;2;2
"643";643;0;0;4;4;4;4;4;4;4
"644";644;0;0;0;0;0;0;0;0;1
"645";645;0;0;0;0;0;0;0;0;1
"646";646;0;0;0;0;0;0;0;0;1
"647";647;0;0;0;0;0;0;0;0;0
"648";648;0;0;4;4;4;4;4;4;4
"649";649;0;0;4;4;4;4;4;4;4
"650";650;0;0;4;4;4;4;4;4;4
"651";651;0;0;4;4;4;4;4;4;4
"652";652;0;0;4;4;4;4;4;4;4
"653";653;0;0;0;0;0;0;0;0;1
"654";654;0;0;4;4;4;4;4;4;4
"655";655;0;0;0;0;0;0;0;0;1
"656";656;0;0;0;0;0;0;0;0;1
"657";657;0;0;0;0;0;0;0;0;1
"658";658;0;0;0;0;0;0;3;3;3
"659";659;0;0;0;0;0;0;3;3;3
"660";660;0;0;0;0;0;0;3;3;3
"661";661;0;0;0;0;0;0;3;3;3
"662";662;0;0;0;0;0;0;3;3;3
"663";663;0;0;0;0;0;0;3;3;3
"664";664;0;0;0;0;0;0;3;3;3
"665";665;0;0;0;0;0;0;3;3;3
"666";666;0;0;0;0;0;0;0;0;1
"667";667;0;0;0;0;0;0;2;2;2
"668";668;0;0;0;0;0;0;3;3;3
"669";669;0;0;0;0;0;0;0;0;0
"670";670;0;0;0;0;0;0;3;3;3
"671";671;0;0;0;0;0;0;3;3;3
"672";672;0;0;4;4;4;4;4;4;4
"673";673;0;0;0;0;0;0;3;3;3
"674";674;0;0;0;0;0;0;3;3;3
"675";675;0;0;0;0;0;0;3;3;3
"676";676;0;0;0;0;0;0;3;3;3
"677";677;0;0;0;0;0;0;3;3;3
"678";678;0;0;0;0;0;0;3;3;3
"679";679;0;0;0;0;0;0;3;3;3
"680";680;0;0;0;0;0;0;3;3;3
"681";681;0;0;0;0;0;0;2;2;2
"682";682;0;0;0;0;0;0;3;3;3
"683";683;0;0;0;0;0;0;3;3;3
"684";684;0;0;0;0;0;0;2;2;2
"685";685;0;0;0;0;0;0;3;3;3
"686";686;0;0;0;0;0;0;3;3;3
"687";687;0;0;0;0;0;0;3;3;3
"688";688;0;0;0;0;0;0;3;3;3
"689";689;0;0;0;0;0;0;3;3;3
"690";690;0;0;0;0;0;0;3;3;3
"691";691;0;0;0;0;0;0;3;3;3
"692";692;0;0;0;0;0;0;3;3;3
"693";693;0;0;0;0;0;0;3;3;3
"694";694;0;0;0;0;0;0;0;0;0
"695";695;0;0;0;0;0;0;3;3;3
"696";696;0;0;0;0;0;0;2;2;2
"697";697;0;0;0;0;0;0;3;3;3
"698";698;0;0;0;0;0;0;3;3;3
"699";699;0;0;4;4;4;4;4;4;4
"700";700;0;0;0;0;0;0;3;3;3
"701";701;0;0;0;0;0;0;2;2;2
"702";702;0;0;0;0;0;0;3;3;3
"703";703;0;0;0;0;0;0;3;3;3
"704";704;0;0;0;0;0;0;3;3;3
"705";705;0;0;0;0;0;0;3;3;3
"706";706;0;0;0;0;0;0;3;3;3
"707";707;0;0;0;0;0;0;3;3;3
"708";708;0;0;0;0;0;0;3;3;3
"709";709;0;0;0;0;0;0;3;3;3
"710";710;0;0;0;0;0;0;3;3;3
"711";711;0;0;0;0;0;0;3;3;3
"712";712;0;0;0;0;0;0;0;0;1
"713";713;0;0;0;0;0;0;2;2;2
"714";714;0;0;0;0;0;0;3;3;3
"715";715;0;0;0;0;0;0;0;0;1
"716";716;0;0;0;0;0;0;0;0;1
"717";717;0;0;0;0;0;0;3;3;3
"718";718;0;0;0;0;0;0;3;3;3
"719";719;0;0;0;0;0;0;0;0;1
"720";720;0;0;0;0;0;0;2;2;2
"721";721;0;0;0;0;0;0;0;0;1
"722";722;0;0;0;0;0;0;0;0;0
"723";723;0;0;0;0;0;0;0;0;1
"724";724;0;0;0;0;0;0;0;0;1
"725";725;0;0;0;0;0;0;0;0;1
"726";726;0;0;0;0;0;0;0;0;1
"727";727;0;0;0;0;0;0;0;0;1
"728";728;0;0;0;0;0;0;0;0;1
"729";729;0;0;0;0;0;0;0;0;1
"730";730;0;0;4;4;4;4;4;4;4
"731";731;0;0;0;0;0;0;3;3;3
"732";732;0;0;4;4;4;4;4;4;4
"733";733;0;0;0;0;0;0;0;0;1
"734";734;0;0;0;0;0;0;0;0;1
"735";735;0;0;0;0;0;0;0;0;1
"736";736;0;0;0;0;0;0;0;0;1
"737";737;0;0;0;0;0;0;0;0;1
"738";738;0;0;0;0;0;0;0;0;1
"739";739;0;0;4;4;4;4;4;4;4
"740";740;0;0;0;0;0;0;0;0;1
"741";741;0;0;0;0;0;0;0;0;1
"742";742;0;0;0;0;0;0;0;0;1
"743";743;0;0;4;4;4;4;4;4;4
"744";744;0;0;0;0;0;0;0;0;1
"745";745;0;0;0;0;0;0;0;0;1
"746";746;0;0;0;0;0;0;3;3;3
"747";747;0;0;0;0;0;0;0;0;1
"748";748;0;0;0;0;0;0;2;2;2
"749";749;0;0;0;0;0;0;0;0;1
"750";750;0;0;0;0;0;0;0;0;1
"751";751;0;0;0;0;0;0;0;0;1
"752";752;0;0;0;0;0;0;0;0;1
"753";753;0;0;0;0;0;0;0;0;1
"754";754;0;0;0;0;0;0;0;0;1
"755";755;0;0;0;0;0;0;0;0;1
"756";756;0;0;0;0;0;0;0;0;1
"757";757;0;0;0;0;0;0;0;0;1
"758";758;0;0;0;0;0;0;0;0;1
"759";759;0;0;0;0;0;0;3;3;3
"760";760;0;0;0;0;0;0;0;0;1
"761";761;0;0;0;0;0;0;0;0;1
"762";762;0;0;0;0;0;0;0;0;1
"763";763;0;0;0;0;0;0;2;2;2
"764";764;0;0;4;4;4;4;4;4;4
"765";765;0;0;0;0;0;0;0;0;1
"766";766;0;0;0;0;0;0;0;0;1
"767";767;0;0;0;0;0;0;0;0;1
"768";768;0;0;0;0;0;0;0;0;1
"769";769;0;0;0;0;0;0;3;3;3
"770";770;0;0;0;0;0;0;2;2;2
"771";771;0;0;0;0;0;0;3;3;3
"772";772;0;0;0;0;0;0;0;0;0
"773";773;0;0;0;0;0;0;0;0;0
"774";774;0;0;0;0;0;0;0;0;0
"775";775;0;0;0;0;0;0;0;0;0
"776";776;0;0;0;0;0;0;2;2;2
"777";777;0;0;4;4;4;4;4;4;4
"778";778;0;0;4;4;4;4;4;4;4
"779";779;0;0;0;0;0;0;2;2;2
"780";780;0;0;0;0;0;0;0;0;0
"781";781;0;0;0;0;0;0;2;2;2
"782";782;0;0;0;0;0;0;2;2;2
"783";783;0;0;0;0;0;0;0;0;0
"784";784;0;0;0;0;0;0;0;0;0
"785";785;0;0;4;4;4;4;4;4;4
"786";786;0;0;0;0;0;0;0;0;0
"787";787;0;0;0;0;0;0;2;2;2
"788";788;0;0;0;0;0;0;0;0;0
"789";789;0;0;0;0;0;0;2;2;2
"790";790;0;0;0;0;0;0;0;0;0
"791";791;0;0;0;0;0;0;0;0;0
"792";792;0;0;0;0;0;0;0;0;0
"793";793;0;0;0;0;0;0;3;3;3
"794";794;0;0;0;0;0;0;0;0;0
"795";795;0;0;0;0;0;0;0;0;0
"796";796;0;0;0;0;0;0;2;2;2
"797";797;0;0;0;0;0;0;0;0;0
"798";798;0;0;0;0;0;0;0;0;0
"799";799;0;0;4;4;4;4;4;4;4
"800";800;0;0;4;4;4;4;4;4;4
"801";801;0;0;4;4;4;4;4;4;4
"802";802;0;0;0;0;0;0;2;2;2
"803";803;0;0;0;0;0;0;2;2;2
"804";804;0;0;4;4;4;4;4;4;4
"805";805;0;0;0;0;0;0;2;2;2
"806";806;0;0;0;0;0;0;2;2;2
"807";807;0;0;4;4;4;4;4;4;4
"808";808;0;0;4;4;4;4;4;4;4
"809";809;0;0;0;0;0;0;2;2;2
"810";810;0;0;0;0;0;0;2;2;2
"811";811;0;0;0;0;0;0;2;2;2
"812";812;0;0;4;4;4;4;4;4;4
"813";813;0;0;0;0;0;0;3;3;3
"814";814;0;0;0;0;0;0;2;2;2
"815";815;0;0;0;0;0;0;2;2;2
"816";816;0;0;4;4;4;4;4;4;4
"817";817;0;0;0;0;0;0;2;2;2
"818";818;0;0;4;4;4;4;4;4;4
"819";819;0;0;0;0;0;0;0;0;0
"820";820;0;0;4;4;4;4;4;4;4
"821";821;0;0;4;4;4;4;4;4;4
"822";822;0;0;0;0;0;0;2;2;2
"823";823;0;0;0;0;0;0;2;2;2
"824";824;0;0;4;4;4;4;4;4;4
"825";825;0;0;4;4;4;4;4;4;4
"826";826;0;0;4;4;4;4;4;4;4
"827";827;0;0;0;0;0;0;0;0;1
"828";828;0;0;0;0;0;0;0;0;1
"829";829;0;0;0;0;0;0;0;0;1
"830";830;0;0;0;0;0;0;0;0;1
"831";831;0;0;0;0;0;0;0;0;1
"832";832;0;0;0;0;0;0;0;0;1
"833";833;0;0;0;0;0;0;0;0;1
"834";834;0;0;0;0;0;0;0;0;1
"835";835;0;0;0;0;0;0;0;0;1
"836";836;0;0;0;0;0;0;0;0;1
"837";837;0;0;0;0;0;0;0;0;1
"838";838;0;0;0;0;0;0;0;0;1
"839";839;0;0;0;0;0;0;0;0;1
"840";840;0;0;0;0;0;0;0;0;1
"841";841;0;0;0;0;0;0;0;0;1
"842";842;0;0;0;0;0;0;0;0;1
"843";843;0;0;0;0;0;0;0;0;1
"844";844;0;0;0;0;0;0;0;0;1
"845";845;0;0;0;0;0;0;0;0;1
"846";846;0;0;0;0;0;0;0;0;1
"847";847;0;0;0;0;0;0;0;0;1
"848";848;0;0;0;0;0;0;0;0;1
"849";849;0;0;0;0;0;0;0;0;1
"850";850;0;0;0;0;0;0;0;0;1
"851";851;0;0;0;0;0;0;0;0;1
"852";852;0;0;0;0;0;0;0;0;1
"853";853;0;0;0;0;0;0;0;0;1
"854";854;0;0;0;0;0;0;0;0;1
"855";855;0;0;0;0;0;0;0;0;1
"856";856;0;0;0;0;0;0;0;0;1
"857";857;0;0;0;0;0;0;0;0;1
"858";858;0;0;0;0;0;0;0;0;1
"859";859;0;0;0;0;0;0;0;0;1
"860";860;0;0;0;0;0;0;3;3;3
"861";861;0;0;0;0;0;0;0;0;1
"862";862;0;0;0;0;0;0;0;0;1
"863";863;0;0;0;0;0;0;0;0;1
"864";864;0;0;0;0;0;0;0;0;1
"865";865;0;0;0;0;0;0;0;0;1
"866";866;0;0;0;0;0;0;0;0;1
"867";867;0;0;0;0;0;0;0;0;1
"868";868;0;0;0;0;0;0;2;2;2
"869";869;0;0;0;0;0;0;0;0;1
"870";870;0;0;0;0;0;0;0;0;1
"871";871;0;0;0;0;0;0;0;0;1
"872";872;0;0;4;4;4;4;4;4;4
"873";873;0;0;0;0;0;0;0;0;1
"874";874;0;0;0;0;0;0;3;3;3
"875";875;0;0;0;0;0;0;0;0;1
"876";876;0;0;0;0;0;0;0;0;1
"877";877;0;0;0;0;0;0;0;0;1
"878";878;0;0;0;0;0;0;0;0;1
"879";879;0;0;0;0;0;0;0;0;1
"880";880;0;0;0;0;0;0;0;0;1
"881";881;0;0;0;0;0;0;3;3;3
"882";882;0;0;0;0;0;0;0;0;1
"883";883;0;0;4;4;4;4;4;4;4
"884";884;0;0;0;0;0;0;3;3;3
"885";885;0;0;0;0;0;0;0;0;1
"886";886;0;0;0;0;0;0;0;0;1
"887";887;0;0;0;0;0;0;0;0;1
"888";888;0;0;0;0;0;0;0;0;1
"889";889;0;0;0;0;0;0;0;0;1
"890";890;0;0;0;0;0;0;0;0;1
"891";891;0;0;0;0;0;0;0;0;1
"892";892;0;0;0;0;0;0;0;0;1
"893";893;0;0;0;0;0;0;2;2;2
"894";894;0;0;0;0;0;0;0;0;1
"895";895;0;0;0;0;0;0;3;3;3
"896";896;0;0;0;0;0;0;0;0;1
"897";897;0;0;0;0;0;0;2;2;2
"898";898;0;0;0;0;0;0;0;0;1
"899";899;0;0;0;0;0;0;3;3;3
"900";900;0;0;0;0;0;0;0;0;1
"901";901;0;0;0;0;0;0;0;0;1
"902";902;0;0;0;0;0;0;0;0;1
"903";903;0;0;0;0;0;0;0;0;1
"904";904;0;0;0;0;0;0;0;0;1
"905";905;0;0;0;0;0;0;0;0;1
"906";906;0;0;0;0;0;0;0;0;1
"907";907;0;0;0;0;0;0;2;2;2
"908";908;0;0;0;0;0;0;3;3;3
"909";909;0;0;0;0;0;0;0;0;0
"910";910;0;0;0;0;0;0;0;0;0
"911";911;0;0;0;0;0;0;3;3;3
"912";912;0;0;0;0;0;0;0;0;1
"913";913;0;0;0;0;0;0;0;0;0
"914";914;0;0;0;0;0;0;0;0;0
"915";915;0;0;0;0;0;0;0;0;1
"916";916;0;0;0;0;0;0;2;2;2
"917";917;0;0;0;0;0;0;0;0;1
"918";918;0;0;0;0;0;0;0;0;1
"919";919;0;0;0;0;0;0;0;0;0
"920";920;0;0;0;0;0;0;0;0;0
"921";921;0;0;0;0;0;0;2;2;2
"922";922;0;0;0;0;0;0;0;0;1
"923";923;0;0;0;0;0;0;0;0;1
"924";924;0;0;0;0;0;0;0;0;1
"925";925;0;0;0;0;0;0;0;0;0
"926";926;0;0;0;0;0;0;0;0;1
"927";927;0;0;0;0;0;0;0;0;0
"928";928;0;0;0;0;0;0;0;0;1
"929";929;0;0;0;0;0;0;0;0;0
"930";930;0;0;0;0;0;0;3;3;3
"931";931;0;0;0;0;0;0;2;2;2
"932";932;0;0;0;0;0;0;0;0;0
"933";933;0;0;0;0;0;0;2;2;2
"934";934;0;0;0;0;0;0;2;2;2
"935";935;0;0;0;0;0;0;0;0;1
"936";936;0;0;0;0;0;0;0;0;0
"937";937;0;0;0;0;0;0;0;0;0
"938";938;0;0;0;0;0;0;0;0;1
"939";939;0;0;0;0;0;0;0;0;1
"940";940;0;0;0;0;0;0;0;0;1
"941";941;0;0;0;0;0;0;0;0;1
"942";942;0;0;0;0;0;0;0;0;1
"943";943;0;0;0;0;0;0;0;0;1
"944";944;0;0;0;0;0;0;0;0;1
"945";945;0;0;0;0;0;0;0;0;1
"946";946;0;0;0;0;0;0;2;2;2
"947";947;0;0;0;0;0;0;0;0;1
"948";948;0;0;0;0;0;0;0;0;1
"949";949;0;0;0;0;0;0;3;3;3
"950";950;0;0;0;0;0;0;0;0;1
"951";951;0;0;0;0;0;0;0;0;1
"952";952;0;0;0;0;0;0;0;0;1
"953";953;0;0;0;0;0;0;3;3;3
"954";954;0;0;0;0;0;0;2;2;2
"955";955;0;0;0;0;0;0;0;0;1
"956";956;0;0;0;0;0;0;3;3;3
"957";957;0;0;0;0;0;0;0;0;1
"958";958;0;0;0;0;0;0;0;0;1
"959";959;0;0;0;0;0;0;0;0;1
"960";960;0;0;0;0;0;0;0;0;1
"961";961;0;0;0;0;0;0;0;0;1
"962";962;0;0;0;0;0;0;0;0;1
"963";963;0;0;0;0;0;0;0;0;1
"964";964;0;0;0;0;0;0;0;0;1
"965";965;0;0;0;0;0;0;0;0;1
"966";966;0;0;0;0;0;0;3;3;3
"967";967;0;0;0;0;0;0;2;2;2
"968";968;0;0;0;0;0;0;0;0;1
"969";969;0;0;0;0;0;0;0;0;1
"970";970;0;0;0;0;0;0;3;3;3
"971";971;0;0;0;0;0;0;0;0;1
"972";972;0;0;0;0;0;0;0;0;1
"973";973;0;0;0;0;0;0;0;0;1
"974";974;0;0;0;0;0;0;0;0;1
"975";975;0;0;0;0;0;0;3;3;3
"976";976;0;0;0;0;0;0;3;3;3
"977";977;0;0;0;0;0;0;3;3;3
"978";978;0;0;0;0;0;0;3;3;3
"979";979;0;0;0;0;0;0;0;0;0
"980";980;0;0;0;0;0;0;0;0;0
"981";981;0;0;0;0;0;0;0;0;0
"982";982;0;0;0;0;0;0;0;0;0
"983";983;0;0;0;0;0;0;0;0;0
"984";984;0;0;0;0;0;0;0;0;0
"985";985;0;0;0;0;0;0;0;0;0
"986";986;0;0;0;0;0;0;0;0;0
"987";987;0;0;0;0;0;0;0;0;0
"988";988;0;0;0;0;0;0;2;2;2
"989";989;0;0;0;0;0;0;3;3;3
"990";990;0;0;0;0;0;0;0;0;0
"991";991;0;0;0;0;0;0;0;0;0
"992";992;0;0;0;0;0;0;0;0;0
"993";993;0;0;0;0;0;0;0;0;0
"994";994;0;0;0;0;0;0;0;0;0
"995";995;0;0;0;0;0;0;0;0;0
"996";996;0;0;0;0;0;0;0;0;0
"997";997;0;0;0;0;0;0;0;0;0
"998";998;0;0;0;0;0;0;0;0;0
"999";999;0;0;0;0;0;0;0;0;0
"1000";1000;0;0;0;0;0;0;0;0;0
"1001";1001;0;0;0;0;0;0;0;0;0
"1002";1002;0;0;0;0;0;0;2;2;2
"1003";1003;0;0;0;0;0;0;0;0;0
"1004";1004;0;0;0;0;0;0;0;0;0
"1005";1005;0;0;0;0;0;0;2;2;2
"1006";1006;0;0;0;0;0;0;2;2;2
"1007";1007;0;0;0;0;0;0;2;2;2
"1008";1008;0;0;0;0;0;0;0;0;0
"1009";1009;0;0;0;0;0;0;0;0;0
"1010";1010;0;0;0;0;0;0;0;0;0
"1011";1011;0;0;0;0;0;0;0;0;0
"1012";1012;0;0;0;0;0;0;0;0;0
"1013";1013;0;0;0;0;0;0;0;0;0
"1014";1014;0;0;4;4;4;4;4;4;4
"1015";1015;0;0;0;0;0;0;0;0;0
"1016";1016;0;0;0;0;0;0;0;0;0
"1017";1017;0;0;0;0;0;0;0;0;0
"1018";1018;0;0;0;0;0;0;0;0;0
"1019";1019;0;0;0;0;0;0;2;2;2
"1020";1020;0;0;0;0;0;0;0;0;0
"1021";1021;0;0;0;0;0;0;0;0;0
"1022";1022;0;0;0;0;0;0;2;2;2
"1023";1023;0;0;0;0;0;0;2;2;2
"1024";1024;0;0;0;0;0;0;2;2;2
"1025";1025;0;0;0;0;0;0;2;2;2
"1026";1026;0;0;0;0;0;0;3;3;3
"1027";1027;0;0;0;0;0;0;0;0;0
"1028";1028;0;0;0;0;0;0;0;0;0
"1029";1029;0;0;0;0;0;0;2;2;2
"1030";1030;0;0;0;0;0;0;3;3;3
"1031";1031;0;0;0;0;0;0;2;2;2
"1032";1032;0;0;0;0;0;0;3;3;3
"1033";1033;0;0;0;0;0;0;0;0;0
"1034";1034;0;0;0;0;0;0;0;0;1
"1035";1035;0;0;0;0;0;0;0;0;0
"1036";1036;0;0;0;0;0;0;0;0;0
"1037";1037;0;0;0;0;0;0;2;2;2
"1038";1038;0;0;0;0;0;0;0;0;0
"1039";1039;0;0;0;0;0;0;0;0;0
"1040";1040;0;0;0;0;0;0;0;0;0
"1041";1041;0;0;0;0;0;0;0;0;0
"1042";1042;0;0;0;0;0;0;0;0;0
"1043";1043;0;0;0;0;0;0;0;0;0
"1044";1044;0;0;0;0;0;0;0;0;0
"1045";1045;0;0;0;0;0;0;0;0;0
"1046";1046;0;0;0;0;0;0;0;0;0
"1047";1047;0;0;0;0;0;0;0;0;0
"1048";1048;0;0;0;0;0;0;0;0;0
"1049";1049;0;0;0;0;0;0;0;0;0
"1050";1050;0;0;0;0;0;0;0;0;0
"1051";1051;0;0;0;0;0;0;0;0;0
"1052";1052;0;0;0;0;0;0;0;0;0
"1053";1053;0;0;0;0;0;0;2;2;2
"1054";1054;0;0;0;0;0;0;0;0;0
"1055";1055;0;0;0;0;0;0;2;2;2
"1056";1056;0;0;0;0;0;0;2;2;2
"1057";1057;0;0;0;0;0;0;2;2;2
"1058";1058;0;0;0;0;0;0;0;0;0
"1059";1059;0;0;0;0;0;0;0;0;1
"1060";1060;0;0;0;0;0;0;0;0;1
"1061";1061;0;0;4;4;4;4;4;4;4
"1062";1062;0;0;0;0;0;0;0;0;1
"1063";1063;0;0;0;0;0;0;0;0;1
"1064";1064;0;0;0;0;0;0;0;0;1
"1065";1065;0;0;0;0;0;0;0;0;1
"1066";1066;0;0;0;0;0;0;0;0;1
"1067";1067;0;0;0;0;0;0;0;0;1
"1068";1068;0;0;0;0;0;0;0;0;1
"1069";1069;0;0;0;0;0;0;0;0;1
"1070";1070;0;0;0;0;0;0;0;0;1
"1071";1071;0;0;0;0;0;0;0;0;1
"1072";1072;0;0;0;0;0;0;0;0;1
"1073";1073;0;0;0;0;0;0;0;0;1
"1074";1074;0;0;0;0;0;0;0;0;1
"1075";1075;0;0;0;0;0;0;0;0;1
"1076";1076;0;0;0;0;0;0;0;0;1
"1077";1077;0;0;0;0;0;0;0;0;1
"1078";1078;0;0;0;0;0;0;0;0;1
"1079";1079;0;0;0;0;0;0;0;0;1
"1080";1080;0;0;0;0;0;0;0;0;1
"1081";1081;0;0;0;0;0;0;0;0;1
"1082";1082;0;0;0;0;0;0;0;0;1
"1083";1083;0;0;0;0;0;0;0;0;1
"1084";1084;0;0;0;0;0;0;0;0;1
"1085";1085;0;0;0;0;0;0;3;3;3
"1086";1086;0;0;0;0;0;0;3;3;3
"1087";1087;0;0;0;0;0;0;3;3;3
"1088";1088;0;0;0;0;0;0;3;3;3
"1089";1089;0;0;0;0;0;0;3;3;3
"1090";1090;0;0;0;0;0;0;0;0;1
"1091";1091;0;0;0;0;0;0;0;0;1
"1092";1092;0;0;0;0;0;0;0;0;1
"1093";1093;0;0;0;0;0;0;2;2;2
"1094";1094;0;0;4;4;4;4;4;4;4
"1095";1095;0;0;4;4;4;4;4;4;4
"1096";1096;0;0;0;0;0;0;2;2;2
"1097";1097;0;0;4;4;4;4;4;4;4
"1098";1098;0;0;0;0;0;0;0;0;1
"1099";1099;0;0;0;0;0;0;0;0;1
"1100";1100;0;0;0;0;0;0;0;0;1
"1101";1101;0;0;0;0;0;0;0;0;1
"1102";1102;0;0;0;0;0;0;0;0;1
"1103";1103;0;0;0;0;0;0;0;0;1
"1104";1104;0;0;0;0;0;0;2;2;2
"1105";1105;0;0;0;0;0;0;0;0;1
"1106";1106;0;0;0;0;0;0;2;2;2
"1107";1107;0;0;0;0;0;0;3;3;3
"1108";1108;0;0;0;0;0;0;3;3;3
"1109";1109;0;0;0;0;0;0;2;2;2
"1110";1110;0;0;0;0;0;0;3;3;3
"1111";1111;0;0;0;0;0;0;2;2;2
"1112";1112;0;0;0;0;0;0;0;0;1
"1113";1113;0;0;4;4;4;4;4;4;4
"1114";1114;0;0;0;0;0;0;3;3;3
"1115";1115;0;0;0;0;0;0;3;3;3
"1116";1116;0;0;0;0;0;0;3;3;3
"1117";1117;0;0;0;0;0;0;3;3;3
"1118";1118;0;0;0;0;0;0;2;2;2
"1119";1119;0;0;0;0;0;0;0;0;1
"1120";1120;0;0;0;0;0;0;0;0;0
"1121";1121;0;0;0;0;0;0;3;3;3
"1122";1122;0;0;0;0;0;0;3;3;3
"1123";1123;0;0;0;0;0;0;3;3;3
"1124";1124;0;0;0;0;0;0;3;3;3
"1125";1125;0;0;0;0;0;0;3;3;3
"1126";1126;0;0;0;0;0;0;3;3;3
"1127";1127;0;0;0;0;0;0;3;3;3
"1128";1128;0;0;0;0;0;0;0;0;1
"1129";1129;0;0;0;0;0;0;3;3;3
"1130";1130;0;0;4;4;4;4;4;4;4
"1131";1131;0;0;0;0;0;0;0;0;0
"1132";1132;0;0;0;0;0;0;0;0;0
"1133";1133;0;0;4;4;4;4;4;4;4
"1134";1134;0;0;0;0;0;0;3;3;3
"1135";1135;0;0;4;4;4;4;4;4;4
"1136";1136;0;0;0;0;0;0;3;3;3
"1137";1137;0;0;0;0;0;0;3;3;3
"1138";1138;0;0;4;4;4;4;4;4;4
"1139";1139;0;0;4;4;4;4;4;4;4
"1140";1140;0;0;4;4;4;4;4;4;4
"1141";1141;0;0;4;4;4;4;4;4;4
"1142";1142;0;0;4;4;4;4;4;4;4
"1143";1143;0;0;0;0;0;0;3;3;3
"1144";1144;0;0;4;4;4;4;4;4;4
"1145";1145;0;0;4;4;4;4;4;4;4
"1146";1146;0;0;4;4;4;4;4;4;4
"1147";1147;0;0;4;4;4;4;4;4;4
"1148";1148;0;0;4;4;4;4;4;4;4
"1149";1149;0;0;4;4;4;4;4;4;4
"1150";1150;0;0;4;4;4;4;4;4;4
"1151";1151;0;0;0;0;0;0;3;3;3
"1152";1152;0;0;4;4;4;4;4;4;4
"1153";1153;0;0;4;4;4;4;4;4;4
"1154";1154;0;0;0;0;0;0;2;2;2
"1155";1155;0;0;4;4;4;4;4;4;4
"1156";1156;0;0;4;4;4;4;4;4;4
"1157";1157;0;0;4;4;4;4;4;4;4
"1158";1158;0;0;4;4;4;4;4;4;4
"1159";1159;0;0;0;0;0;0;3;3;3
"1160";1160;0;0;4;4;4;4;4;4;4
"1161";1161;0;0;4;4;4;4;4;4;4
"1162";1162;0;0;4;4;4;4;4;4;4
"1163";1163;0;0;4;4;4;4;4;4;4
"1164";1164;0;0;4;4;4;4;4;4;4
"1165";1165;0;0;4;4;4;4;4;4;4
"1166";1166;0;0;4;4;4;4;4;4;4
"1167";1167;0;0;4;4;4;4;4;4;4
"1168";1168;0;0;4;4;4;4;4;4;4
"1169";1169;0;0;4;4;4;4;4;4;4
"1170";1170;0;0;4;4;4;4;4;4;4
"1171";1171;0;0;4;4;4;4;4;4;4
"1172";1172;0;0;4;4;4;4;4;4;4
"1173";1173;0;0;4;4;4;4;4;4;4
"1174";1174;0;0;4;4;4;4;4;4;4
"1175";1175;0;0;4;4;4;4;4;4;4
"1176";1176;0;0;4;4;4;4;4;4;4
"1177";1177;0;0;4;4;4;4;4;4;4
"1178";1178;0;0;4;4;4;4;4;4;4
"1179";1179;0;0;4;4;4;4;4;4;4
"1180";1180;0;0;0;0;0;0;0;0;1
"1181";1181;0;0;0;0;0;0;0;0;1
"1182";1182;0;0;0;0;0;0;0;0;1
"1183";1183;0;0;0;0;0;0;0;0;1
"1184";1184;0;0;0;0;0;0;0;0;1
"1185";1185;0;0;0;0;0;0;0;0;1
"1186";1186;0;0;0;0;0;0;0;0;1
"1187";1187;0;0;0;0;0;0;0;0;1
"1188";1188;0;0;0;0;0;0;0;0;1
"1189";1189;0;0;0;0;0;0;0;0;1
"1190";1190;0;0;0;0;0;0;0;0;1
"1191";1191;0;0;0;0;0;0;0;0;1
"1192";1192;0;0;0;0;0;0;0;0;1
"1193";1193;0;0;0;0;0;0;0;0;1
"1194";1194;0;0;0;0;0;0;0;0;1
"1195";1195;0;0;0;0;0;0;0;0;1
"1196";1196;0;0;0;0;0;0;0;0;1
"1197";1197;0;0;0;0;0;0;0;0;0
"1198";1198;0;0;0;0;0;0;0;0;1
"1199";1199;0;0;4;4;4;4;4;4;4
"1200";1200;0;0;0;0;0;0;2;2;2
"1201";1201;0;0;4;4;4;4;4;4;4
"1202";1202;0;0;4;4;4;4;4;4;4
"1203";1203;0;0;4;4;4;4;4;4;4
"1204";1204;0;0;4;4;4;4;4;4;4
"1205";1205;0;0;4;4;4;4;4;4;4
"1206";1206;0;0;4;4;4;4;4;4;4
"1207";1207;0;0;4;4;4;4;4;4;4
"1208";1208;0;0;4;4;4;4;4;4;4
"1209";1209;0;0;4;4;4;4;4;4;4
"1210";1210;0;0;4;4;4;4;4;4;4
"1211";1211;0;0;4;4;4;4;4;4;4
"1212";1212;0;0;4;4;4;4;4;4;4
"1213";1213;0;0;4;4;4;4;4;4;4
"1214";1214;0;0;4;4;4;4;4;4;4
"1215";1215;0;0;4;4;4;4;4;4;4
"1216";1216;0;0;4;4;4;4;4;4;4
"1217";1217;0;0;4;4;4;4;4;4;4
"1218";1218;0;0;4;4;4;4;4;4;4
"1219";1219;0;0;0;0;0;0;2;2;2
"1220";1220;0;0;4;4;4;4;4;4;4
"1221";1221;0;0;4;4;4;4;4;4;4
"1222";1222;0;0;4;4;4;4;4;4;4
"1223";1223;0;0;4;4;4;4;4;4;4
"1224";1224;0;0;4;4;4;4;4;4;4
"1225";1225;0;0;4;4;4;4;4;4;4
"1226";1226;0;0;4;4;4;4;4;4;4
"1227";1227;0;0;4;4;4;4;4;4;4
"1228";1228;0;0;4;4;4;4;4;4;4
"1229";1229;0;0;4;4;4;4;4;4;4
"1230";1230;0;0;4;4;4;4;4;4;4
"1231";1231;0;0;4;4;4;4;4;4;4
"1232";1232;0;0;4;4;4;4;4;4;4
"1233";1233;0;0;4;4;4;4;4;4;4
"1234";1234;0;0;4;4;4;4;4;4;4
"1235";1235;0;0;4;4;4;4;4;4;4
"1236";1236;0;0;4;4;4;4;4;4;4
"1237";1237;0;0;4;4;4;4;4;4;4
"1238";1238;0;0;4;4;4;4;4;4;4
"1239";1239;0;0;4;4;4;4;4;4;4
"1240";1240;0;0;4;4;4;4;4;4;4
"1241";1241;0;0;4;4;4;4;4;4;4
"1242";1242;0;0;4;4;4;4;4;4;4
"1243";1243;0;0;4;4;4;4;4;4;4
"1244";1244;0;0;4;4;4;4;4;4;4
"1245";1245;0;0;4;4;4;4;4;4;4
"1246";1246;0;0;4;4;4;4;4;4;4
"1247";1247;0;0;4;4;4;4;4;4;4
"1248";1248;0;0;4;4;4;4;4;4;4
"1249";1249;0;0;4;4;4;4;4;4;4
"1250";1250;0;0;4;4;4;4;4;4;4
"1251";1251;0;0;4;4;4;4;4;4;4
"1252";1252;0;0;4;4;4;4;4;4;4
"1253";1253;0;0;4;4;4;4;4;4;4
"1254";1254;0;0;4;4;4;4;4;4;4
"1255";1255;0;0;4;4;4;4;4;4;4
"1256";1256;0;0;0;0;0;0;2;2;2
"1257";1257;0;0;0;0;0;0;2;2;2
"1258";1258;0;0;4;4;4;4;4;4;4
"1259";1259;0;0;4;4;4;4;4;4;4
"1260";1260;0;0;0;0;0;0;3;3;3
"1261";1261;0;0;0;0;0;0;2;2;2
"1262";1262;0;0;0;0;0;0;2;2;2
"1263";1263;0;0;0;0;0;0;0;0;0
"1264";1264;0;0;0;0;0;0;3;3;3
"1265";1265;0;0;0;0;0;0;3;3;3
"1266";1266;0;0;0;0;0;0;3;3;3
"1267";1267;0;0;0;0;0;0;3;3;3
"1268";1268;0;0;0;0;0;0;3;3;3
"1269";1269;0;0;0;0;0;0;0;0;1
"1270";1270;0;0;0;0;0;0;3;3;3
"1271";1271;0;0;0;0;0;0;0;0;1
"1272";1272;0;0;0;0;0;0;3;3;3
"1273";1273;0;0;0;0;0;0;3;3;3
"1274";1274;0;0;0;0;0;0;2;2;2
"1275";1275;0;0;0;0;0;0;3;3;3
"1276";1276;0;0;0;0;0;0;3;3;3
"1277";1277;0;0;0;0;0;0;3;3;3
"1278";1278;0;0;0;0;0;0;3;3;3
"1279";1279;0;0;0;0;0;0;0;0;0
"1280";1280;0;0;0;0;0;0;0;0;0
"1281";1281;0;0;0;0;0;0;0;0;0
"1282";1282;0;0;0;0;0;0;0;0;0
"1283";1283;0;0;0;0;0;0;0;0;0
"1284";1284;0;0;0;0;0;0;0;0;0
"1285";1285;0;0;0;0;0;0;3;3;3
"1286";1286;0;0;0;0;0;0;0;0;1
"1287";1287;0;0;0;0;0;0;0;0;0
"1288";1288;0;0;0;0;0;0;0;0;0
"1289";1289;0;0;0;0;0;0;2;2;2
"1290";1290;0;0;0;0;0;0;0;0;0
"1291";1291;0;0;0;0;0;0;0;0;0
"1292";1292;0;0;0;0;0;0;0;0;1
"1293";1293;0;0;0;0;0;0;0;0;1
"1294";1294;0;0;0;0;0;0;0;0;0
"1295";1295;0;0;0;0;0;0;2;2;2
"1296";1296;0;0;0;0;0;0;0;0;0
"1297";1297;0;0;0;0;0;0;0;0;0
"1298";1298;0;0;0;0;0;0;0;0;0
"1299";1299;0;0;0;0;0;0;0;0;0
"1300";1300;0;0;0;0;0;0;0;0;0
"1301";1301;0;0;0;0;0;0;0;0;0
"1302";1302;0;0;0;0;0;0;0;0;0
"1303";1303;0;0;0;0;0;0;0;0;0
"1304";1304;0;0;0;0;0;0;3;3;3
"1305";1305;0;0;0;0;0;0;0;0;1
"1306";1306;0;0;0;0;0;0;0;0;1
"1307";1307;0;0;0;0;0;0;0;0;0
"1308";1308;0;0;0;0;0;0;0;0;0
"1309";1309;0;0;0;0;0;0;0;0;0
"1310";1310;0;0;0;0;0;0;0;0;0
"1311";1311;0;0;0;0;0;0;3;3;3
"1312";1312;0;0;0;0;0;0;0;0;0
"1313";1313;0;0;0;0;0;0;0;0;0
"1314";1314;0;0;0;0;0;0;3;3;3
"1315";1315;0;0;0;0;0;0;0;0;0
"1316";1316;0;0;0;0;0;0;0;0;0
"1317";1317;0;0;0;0;0;0;0;0;0
"1318";1318;0;0;0;0;0;0;2;2;2
"1319";1319;0;0;0;0;0;0;2;2;2
"1320";1320;0;0;0;0;0;0;0;0;0
"1321";1321;0;0;0;0;0;0;3;3;3
"1322";1322;0;0;0;0;0;0;0;0;0
"1323";1323;0;0;0;0;0;0;2;2;2
"1324";1324;0;0;0;0;0;0;0;0;1
"1325";1325;0;0;0;0;0;0;2;2;2
"1326";1326;0;0;0;0;0;0;2;2;2
"1327";1327;0;0;0;0;0;0;0;0;0
"1328";1328;0;0;0;0;0;0;0;0;1
"1329";1329;0;0;0;0;0;0;0;0;0
"1330";1330;0;0;0;0;0;0;2;2;2
"1331";1331;0;0;0;0;0;0;0;0;0
"1332";1332;0;0;0;0;0;0;0;0;0
"1333";1333;0;0;0;0;0;0;0;0;1
"1334";1334;0;0;0;0;0;0;0;0;0
"1335";1335;0;0;0;0;0;0;0;0;0
"1336";1336;0;0;0;0;0;0;0;0;0
"1337";1337;0;0;0;0;0;0;0;0;0
"1338";1338;0;0;0;0;0;0;0;0;0
"1339";1339;0;0;0;0;0;0;0;0;0
"1340";1340;0;0;0;0;0;0;0;0;0
"1341";1341;0;0;0;0;0;0;0;0;0
"1342";1342;0;0;0;0;0;0;0;0;0
"1343";1343;0;0;0;0;0;0;0;0;0
"1344";1344;0;0;0;0;0;0;0;0;0
"1345";1345;0;0;0;0;0;0;0;0;0
"1346";1346;0;0;0;0;0;0;0;0;0
"1347";1347;0;0;0;0;0;0;0;0;0
"1348";1348;0;0;0;0;0;0;0;0;0
"1349";1349;0;0;0;0;0;0;0;0;0
"1350";1350;0;0;0;0;0;0;0;0;0
"1351";1351;0;0;0;0;0;0;3;3;3
"1352";1352;0;0;0;0;0;0;0;0;1
"1353";1353;0;0;0;0;0;0;0;0;1
"1354";1354;0;0;0;0;0;0;0;0;1
"1355";1355;0;0;0;0;0;0;0;0;1
"1356";1356;0;0;0;0;0;0;0;0;1
"1357";1357;0;0;0;0;0;0;0;0;1
"1358";1358;0;0;4;4;4;4;4;4;4
"1359";1359;0;0;0;0;0;0;3;3;3
"1360";1360;0;0;0;0;0;0;0;0;1
"1361";1361;0;0;0;0;0;0;0;0;1
"1362";1362;0;0;0;0;0;0;0;0;1
"1363";1363;0;0;0;0;0;0;0;0;1
"1364";1364;0;0;0;0;0;0;0;0;1
"1365";1365;0;0;0;0;0;0;0;0;1
"1366";1366;0;0;0;0;0;0;0;0;1
"1367";1367;0;0;0;0;0;0;0;0;0
"1368";1368;0;0;0;0;0;0;0;0;0
"1369";1369;0;0;0;0;0;0;0;0;0
"1370";1370;0;0;0;0;0;0;0;0;0
"1371";1371;0;0;0;0;0;0;2;2;2
"1372";1372;0;0;4;4;4;4;4;4;4
"1373";1373;0;0;0;0;0;0;2;2;2
"1374";1374;0;0;4;4;4;4;4;4;4
"1375";1375;0;0;0;0;0;0;2;2;2
"1376";1376;0;0;0;0;0;0;0;0;0
"1377";1377;0;0;0;0;0;0;2;2;2
"1378";1378;0;0;0;0;0;0;2;2;2
"1379";1379;0;0;0;0;0;0;2;2;2
"1380";1380;0;0;0;0;0;0;2;2;2
"1381";1381;0;0;0;0;0;0;0;0;0
"1382";1382;0;0;0;0;0;0;2;2;2
"1383";1383;0;0;0;0;0;0;3;3;3
"1384";1384;0;0;0;0;0;0;0;0;0
"1385";1385;0;0;0;0;0;0;0;0;1
"1386";1386;0;0;0;0;0;0;0;0;0
"1387";1387;0;0;0;0;0;0;0;0;0
"1388";1388;0;0;0;0;0;0;2;2;2
"1389";1389;0;0;0;0;0;0;0;0;0
"1390";1390;0;0;0;0;0;0;2;2;2
"1391";1391;0;0;0;0;0;0;2;2;2
"1392";1392;0;0;0;0;0;0;2;2;2
"1393";1393;0;0;0;0;0;0;2;2;2
"1394";1394;0;0;0;0;0;0;2;2;2
"1395";1395;0;0;0;0;0;0;2;2;2
"1396";1396;0;0;0;0;0;0;2;2;2
"1397";1397;0;0;0;0;0;0;2;2;2
"1398";1398;0;0;0;0;0;0;2;2;2
"1399";1399;0;0;0;0;0;0;0;0;0
"1400";1400;0;0;0;0;0;0;0;0;0
"1401";1401;0;0;0;0;0;0;3;3;3
"1402";1402;0;0;0;0;0;0;2;2;2
"1403";1403;0;0;0;0;0;0;2;2;2
"1404";1404;0;0;0;0;0;0;3;3;3
"1405";1405;0;0;0;0;0;0;2;2;2
"1406";1406;0;0;0;0;0;0;2;2;2
"1407";1407;0;0;0;0;0;0;2;2;2
"1408";1408;0;0;0;0;0;0;2;2;2
"1409";1409;0;0;0;0;0;0;2;2;2
"1410";1410;0;0;0;0;0;0;0;0;0
"1411";1411;0;0;0;0;0;0;0;0;0
"1412";1412;0;0;0;0;0;0;2;2;2
"1413";1413;0;0;0;0;0;0;2;2;2
"1414";1414;0;0;0;0;0;0;2;2;2
"1415";1415;0;0;0;0;0;0;3;3;3
"1416";1416;0;0;0;0;0;0;2;2;2
"1417";1417;0;0;0;0;0;0;2;2;2
"1418";1418;0;0;0;0;0;0;2;2;2
"1419";1419;0;0;0;0;0;0;2;2;2
"1420";1420;0;0;0;0;0;0;2;2;2
"1421";1421;0;0;0;0;0;0;0;0;1
"1422";1422;0;0;4;4;4;4;4;4;4
"1423";1423;0;0;0;0;0;0;0;0;0
"1424";1424;0;0;0;0;0;0;2;2;2
"1425";1425;0;0;0;0;0;0;2;2;2
"1426";1426;0;0;0;0;0;0;2;2;2
"1427";1427;0;0;4;4;4;4;4;4;4
"1428";1428;0;0;0;0;0;0;2;2;2
"1429";1429;0;0;4;4;4;4;4;4;4
"1430";1430;0;0;0;0;0;0;2;2;2
"1431";1431;0;0;0;0;0;0;2;2;2
"1432";1432;0;0;0;0;0;0;2;2;2
"1433";1433;0;0;4;4;4;4;4;4;4
"1434";1434;0;0;0;0;0;0;2;2;2
"1435";1435;0;0;0;0;0;0;2;2;2
"1436";1436;0;0;0;0;0;0;2;2;2
"1437";1437;0;0;0;0;0;0;0;0;0
"1438";1438;0;0;0;0;0;0;3;3;3
"1439";1439;0;0;0;0;0;0;3;3;3
"1440";1440;0;0;0;0;0;0;0;0;1
"1441";1441;0;0;0;0;0;0;0;0;1
"1442";1442;0;0;0;0;0;0;0;0;1
"1443";1443;0;0;0;0;0;0;0;0;1
"1444";1444;0;0;0;0;0;0;0;0;1
"1445";1445;0;0;0;0;0;0;0;0;1
"1446";1446;0;0;0;0;0;0;0;0;1
"1447";1447;0;0;0;0;0;0;0;0;1
"1448";1448;0;0;0;0;0;0;0;0;1
"1449";1449;0;0;0;0;0;0;0;0;1
"1450";1450;0;0;0;0;0;0;0;0;1
"1451";1451;0;0;0;0;0;0;0;0;1
"1452";1452;0;0;0;0;0;0;0;0;1
"1453";1453;0;0;0;0;0;0;0;0;1
"1454";1454;0;0;0;0;0;0;3;3;3
"1455";1455;0;0;0;0;0;0;3;3;3
"1456";1456;0;0;0;0;0;0;3;3;3
"1457";1457;0;0;0;0;0;0;3;3;3
"1458";1458;0;0;0;0;0;0;3;3;3
"1459";1459;0;0;0;0;0;0;3;3;3
"1460";1460;0;0;0;0;0;0;3;3;3
"1461";1461;0;0;0;0;0;0;3;3;3
"1462";1462;0;0;0;0;0;0;3;3;3
"1463";1463;0;0;0;0;0;0;3;3;3
"1464";1464;0;0;0;0;0;0;3;3;3
"1465";1465;0;0;0;0;0;0;3;3;3
"1466";1466;0;0;0;0;0;0;3;3;3
"1467";1467;0;0;0;0;0;0;3;3;3
"1468";1468;0;0;0;0;0;0;3;3;3
"1469";1469;0;0;0;0;0;0;3;3;3
"1470";1470;0;0;0;0;0;0;3;3;3
"1471";1471;0;0;0;0;0;0;0;0;0
"1472";1472;0;0;0;0;0;0;3;3;3
"1473";1473;0;0;0;0;0;0;3;3;3
"1474";1474;0;0;0;0;0;0;3;3;3
"1475";1475;0;0;0;0;0;0;3;3;3
"1476";1476;0;0;0;0;0;0;3;3;3
"1477";1477;0;0;0;0;0;0;3;3;3
"1478";1478;0;0;0;0;0;0;2;2;2
"1479";1479;0;0;0;0;0;0;3;3;3
"1480";1480;0;0;0;0;0;0;3;3;3
"1481";1481;0;0;0;0;0;0;3;3;3
"1482";1482;0;0;0;0;0;0;3;3;3
"1483";1483;0;0;0;0;0;0;2;2;2
"1484";1484;0;0;0;0;0;0;2;2;2
"1485";1485;0;0;0;0;0;0;3;3;3
"1486";1486;0;0;0;0;0;0;3;3;3
"1487";1487;0;0;0;0;0;0;3;3;3
"1488";1488;0;0;0;0;0;0;0;0;0
"1489";1489;0;0;0;0;0;0;3;3;3
"1490";1490;0;0;0;0;0;0;3;3;3
"1491";1491;0;0;0;0;0;0;3;3;3
"1492";1492;0;0;0;0;0;0;3;3;3
"1493";1493;0;0;0;0;0;0;3;3;3
"1494";1494;0;0;0;0;0;0;3;3;3
"1495";1495;0;0;0;0;0;0;3;3;3
"1496";1496;0;0;0;0;0;0;3;3;3
"1497";1497;0;0;4;4;4;4;4;4;4
"1498";1498;0;0;4;4;4;4;4;4;4
"1499";1499;0;0;0;0;0;0;0;0;1
"1500";1500;0;0;4;4;4;4;4;4;4
"1501";1501;0;0;4;4;4;4;4;4;4
"1502";1502;0;0;4;4;4;4;4;4;4
"1503";1503;0;0;4;4;4;4;4;4;4
"1504";1504;0;0;0;0;0;0;0;0;0
"1505";1505;0;0;4;4;4;4;4;4;4
"1506";1506;0;0;4;4;4;4;4;4;4
"1507";1507;0;0;0;0;0;0;2;2;2
"1508";1508;0;0;4;4;4;4;4;4;4
"1509";1509;0;0;4;4;4;4;4;4;4
"1510";1510;0;0;0;0;0;0;3;3;3
"1511";1511;0;0;4;4;4;4;4;4;4
"1512";1512;0;0;4;4;4;4;4;4;4
"1513";1513;0;0;4;4;4;4;4;4;4
"1514";1514;0;0;4;4;4;4;4;4;4
"1515";1515;0;0;4;4;4;4;4;4;4
"1516";1516;0;0;4;4;4;4;4;4;4
"1517";1517;0;0;4;4;4;4;4;4;4
"1518";1518;0;0;4;4;4;4;4;4;4
"1519";1519;0;0;4;4;4;4;4;4;4
"1520";1520;0;0;4;4;4;4;4;4;4
"1521";1521;0;0;0;0;0;0;0;0;1
"1522";1522;0;0;0;0;0;0;3;3;3
"1523";1523;0;0;4;4;4;4;4;4;4
"1524";1524;0;0;4;4;4;4;4;4;4
"1525";1525;0;0;0;0;0;0;3;3;3
"1526";1526;0;0;4;4;4;4;4;4;4
"1527";1527;0;0;0;0;0;0;0;0;1
"1528";1528;0;0;0;0;0;0;0;0;0
"1529";1529;0;0;0;0;0;0;0;0;0
"1530";1530;0;0;0;0;0;0;0;0;0
"1531";1531;0;0;0;0;0;0;0;0;0
"1532";1532;0;0;0;0;0;0;0;0;0
"1533";1533;0;0;0;0;0;0;0;0;0
"1534";1534;0;0;0;0;0;0;0;0;0
"1535";1535;0;0;0;0;0;0;0;0;0
"1536";1536;0;0;0;0;0;0;0;0;0
"1537";1537;0;0;0;0;0;0;0;0;0
"1538";1538;0;0;0;0;0;0;0;0;0
"1539";1539;0;0;0;0;0;0;0;0;0
"1540";1540;0;0;0;0;0;0;0;0;0
"1541";1541;0;0;0;0;0;0;0;0;0
"1542";1542;0;0;0;0;0;0;0;0;0
"1543";1543;0;0;0;0;0;0;0;0;0
"1544";1544;0;0;0;0;0;0;0;0;0
"1545";1545;0;0;0;0;0;0;0;0;0
"1546";1546;0;0;0;0;0;0;0;0;0
"1547";1547;0;0;0;0;0;0;0;0;0
"1548";1548;0;0;0;0;0;0;0;0;0
"1549";1549;0;0;0;0;0;0;0;0;0
"1550";1550;0;0;0;0;0;0;0;0;0
"1551";1551;0;0;0;0;0;0;0;0;0
"1552";1552;0;0;0;0;0;0;2;2;2
"1553";1553;0;0;0;0;0;0;0;0;0
"1554";1554;0;0;0;0;0;0;0;0;0
"1555";1555;0;0;0;0;0;0;0;0;0
"1556";1556;0;0;0;0;0;0;0;0;0
"1557";1557;0;0;0;0;0;0;0;0;0
"1558";1558;0;0;0;0;0;0;0;0;0
"1559";1559;0;0;0;0;0;0;0;0;0
"1560";1560;0;0;0;0;0;0;0;0;0
"1561";1561;0;0;0;0;0;0;0;0;0
"1562";1562;0;0;0;0;0;0;0;0;0
"1563";1563;0;0;0;0;0;0;0;0;0
"1564";1564;0;0;0;0;0;0;0;0;0
"1565";1565;0;0;0;0;0;0;0;0;0
"1566";1566;0;0;0;0;0;0;0;0;0
"1567";1567;0;0;0;0;0;0;0;0;0
"1568";1568;0;0;0;0;0;0;0;0;0
"1569";1569;0;0;0;0;0;0;0;0;0
"1570";1570;0;0;0;0;0;0;0;0;0
"1571";1571;0;0;0;0;0;0;0;0;0
"1572";1572;0;0;0;0;0;0;0;0;1
"1573";1573;0;0;0;0;0;0;0;0;0
"1574";1574;0;0;0;0;0;0;0;0;0
"1575";1575;0;0;0;0;0;0;0;0;0
"1576";1576;0;0;0;0;0;0;0;0;0
"1577";1577;0;0;0;0;0;0;0;0;0
"1578";1578;0;0;0;0;0;0;0;0;0
"1579";1579;0;0;0;0;0;0;0;0;0
"1580";1580;0;0;0;0;0;0;0;0;0
"1581";1581;0;0;0;0;0;0;0;0;0
"1582";1582;0;0;0;0;0;0;0;0;0
"1583";1583;0;0;0;0;0;0;0;0;0
"1584";1584;0;0;0;0;0;0;0;0;0
"1585";1585;0;0;0;0;0;0;2;2;2
"1586";1586;0;0;0;0;0;0;0;0;0
"1587";1587;0;0;0;0;0;0;0;0;0
"1588";1588;0;0;0;0;0;0;0;0;0
"1589";1589;0;0;0;0;0;0;0;0;0
"1590";1590;0;0;0;0;0;0;0;0;1
"1591";1591;0;0;0;0;0;0;0;0;1
"1592";1592;0;0;0;0;0;0;0;0;1
"1593";1593;0;0;0;0;0;0;0;0;1
"1594";1594;0;0;4;4;4;4;4;4;4
"1595";1595;0;0;0;0;0;0;0;0;1
"1596";1596;0;0;0;0;0;0;0;0;1
"1597";1597;0;0;0;0;0;0;0;0;1
"1598";1598;0;0;0;0;0;0;0;0;1
"1599";1599;0;0;0;0;0;0;0;0;1
"1600";1600;0;0;0;0;0;0;0;0;1
"1601";1601;0;0;0;0;0;0;2;2;2
"1602";1602;0;0;0;0;0;0;2;2;2
"1603";1603;0;0;0;0;0;0;0;0;1
"1604";1604;0;0;0;0;0;0;0;0;1
"1605";1605;0;0;0;0;0;0;0;0;1
"1606";1606;0;0;0;0;0;0;0;0;1
"1607";1607;0;0;0;0;0;0;0;0;1
"1608";1608;0;0;0;0;0;0;0;0;1
"1609";1609;0;0;0;0;0;0;0;0;1
"1610";1610;0;0;0;0;0;0;0;0;1
"1611";1611;0;0;0;0;0;0;0;0;1
"1612";1612;0;0;0;0;0;0;0;0;1
"1613";1613;0;0;0;0;0;0;0;0;1
"1614";1614;0;0;0;0;0;0;0;0;1
"1615";1615;0;0;0;0;0;0;0;0;0
"1616";1616;0;0;0;0;0;0;3;3;3
"1617";1617;0;0;0;0;0;0;3;3;3
"1618";1618;0;0;0;0;0;0;3;3;3
"1619";1619;0;0;0;0;0;0;3;3;3
"1620";1620;0;0;0;0;0;0;3;3;3
"1621";1621;0;0;0;0;0;0;2;2;2
"1622";1622;0;0;0;0;0;0;3;3;3
"1623";1623;0;0;0;0;0;0;3;3;3
"1624";1624;0;0;0;0;0;0;2;2;2
"1625";1625;0;0;0;0;0;0;2;2;2
"1626";1626;0;0;0;0;0;0;3;3;3
"1627";1627;0;0;0;0;0;0;3;3;3
"1628";1628;0;0;0;0;0;0;3;3;3
"1629";1629;0;0;0;0;0;0;2;2;2
"1630";1630;0;0;0;0;0;0;3;3;3
"1631";1631;0;0;0;0;0;0;3;3;3
"1632";1632;0;0;0;0;0;0;2;2;2
"1633";1633;0;0;0;0;0;0;2;2;2
"1634";1634;0;0;0;0;0;0;2;2;2
"1635";1635;0;0;0;0;0;0;2;2;2
"1636";1636;0;0;0;0;0;0;2;2;2
"1637";1637;0;0;0;0;0;0;3;3;3
"1638";1638;0;0;0;0;0;0;3;3;3
"1639";1639;0;0;0;0;0;0;2;2;2
"1640";1640;0;0;0;0;0;0;3;3;3
"1641";1641;0;0;0;0;0;0;0;0;0
"1642";1642;0;0;0;0;0;0;3;3;3
"1643";1643;0;0;0;0;0;0;3;3;3
"1644";1644;0;0;0;0;0;0;2;2;2
"1645";1645;0;0;0;0;0;0;3;3;3
"1646";1646;0;0;0;0;0;0;3;3;3
"1647";1647;0;0;0;0;0;0;3;3;3
"1648";1648;0;0;0;0;0;0;0;0;1
"1649";1649;0;0;0;0;0;0;2;2;2
"1650";1650;0;0;0;0;0;0;3;3;3
"1651";1651;0;0;0;0;0;0;3;3;3
"1652";1652;0;0;0;0;0;0;3;3;3
"1653";1653;0;0;0;0;0;0;3;3;3
"1654";1654;0;0;0;0;0;0;2;2;2
"1655";1655;0;0;0;0;0;0;2;2;2
"1656";1656;0;0;0;0;0;0;0;0;0
"1657";1657;0;0;0;0;0;0;3;3;3
"1658";1658;0;0;0;0;0;0;3;3;3
"1659";1659;0;0;0;0;0;0;3;3;3
"1660";1660;0;0;0;0;0;0;3;3;3
"1661";1661;0;0;0;0;0;0;3;3;3
"1662";1662;0;0;4;4;4;4;4;4;4
"1663";1663;0;0;0;0;0;0;0;0;1
"1664";1664;0;0;0;0;0;0;0;0;1
"1665";1665;0;0;4;4;4;4;4;4;4
"1666";1666;0;0;4;4;4;4;4;4;4
"1667";1667;0;0;4;4;4;4;4;4;4
"1668";1668;0;0;4;4;4;4;4;4;4
"1669";1669;0;0;4;4;4;4;4;4;4
"1670";1670;0;0;4;4;4;4;4;4;4
"1671";1671;0;0;4;4;4;4;4;4;4
"1672";1672;0;0;4;4;4;4;4;4;4
"1673";1673;0;0;4;4;4;4;4;4;4
"1674";1674;0;0;4;4;4;4;4;4;4
"1675";1675;0;0;0;0;0;0;2;2;2
"1676";1676;0;0;4;4;4;4;4;4;4
"1677";1677;0;0;4;4;4;4;4;4;4
"1678";1678;0;0;4;4;4;4;4;4;4
"1679";1679;0;0;4;4;4;4;4;4;4
"1680";1680;0;0;4;4;4;4;4;4;4
"1681";1681;0;0;4;4;4;4;4;4;4
"1682";1682;0;0;4;4;4;4;4;4;4
"1683";1683;0;0;4;4;4;4;4;4;4
"1684";1684;0;0;4;4;4;4;4;4;4
"1685";1685;0;0;4;4;4;4;4;4;4
"1686";1686;0;0;4;4;4;4;4;4;4
"1687";1687;0;0;4;4;4;4;4;4;4
"1688";1688;0;0;4;4;4;4;4;4;4
"1689";1689;0;0;4;4;4;4;4;4;4
"1690";1690;0;0;4;4;4;4;4;4;4
"1691";1691;0;0;4;4;4;4;4;4;4
"1692";1692;0;0;4;4;4;4;4;4;4
"1693";1693;0;0;4;4;4;4;4;4;4
"1694";1694;0;0;4;4;4;4;4;4;4
"1695";1695;0;0;4;4;4;4;4;4;4
"1696";1696;0;0;4;4;4;4;4;4;4
"1697";1697;0;0;4;4;4;4;4;4;4
"1698";1698;0;0;4;4;4;4;4;4;4
"1699";1699;0;0;4;4;4;4;4;4;4
"1700";1700;0;0;4;4;4;4;4;4;4
"1701";1701;0;0;4;4;4;4;4;4;4
"1702";1702;0;0;4;4;4;4;4;4;4
"1703";1703;0;0;4;4;4;4;4;4;4
"1704";1704;0;0;4;4;4;4;4;4;4
"1705";1705;0;0;4;4;4;4;4;4;4
"1706";1706;0;0;4;4;4;4;4;4;4
"1707";1707;0;0;4;4;4;4;4;4;4
"1708";1708;0;0;4;4;4;4;4;4;4
"1709";1709;0;0;4;4;4;4;4;4;4
"1710";1710;0;0;4;4;4;4;4;4;4
"1711";1711;0;0;4;4;4;4;4;4;4
"1712";1712;0;0;4;4;4;4;4;4;4
"1713";1713;0;0;4;4;4;4;4;4;4
"1714";1714;0;0;4;4;4;4;4;4;4
"1715";1715;0;0;4;4;4;4;4;4;4
"1716";1716;0;0;4;4;4;4;4;4;4
"1717";1717;0;0;4;4;4;4;4;4;4
"1718";1718;0;0;4;4;4;4;4;4;4
"1719";1719;0;0;4;4;4;4;4;4;4
"1720";1720;0;0;4;4;4;4;4;4;4
"1721";1721;0;0;4;4;4;4;4;4;4
"1722";1722;0;0;4;4;4;4;4;4;4
"1723";1723;0;0;4;4;4;4;4;4;4
"1724";1724;0;0;4;4;4;4;4;4;4
"1725";1725;0;0;4;4;4;4;4;4;4
"1726";1726;0;0;0;0;0;0;0;0;1
"1727";1727;0;0;4;4;4;4;4;4;4
"1728";1728;0;0;4;4;4;4;4;4;4
"1729";1729;0;0;4;4;4;4;4;4;4
"1730";1730;0;0;4;4;4;4;4;4;4
"1731";1731;0;0;4;4;4;4;4;4;4
"1732";1732;0;0;4;4;4;4;4;4;4
"1733";1733;0;0;4;4;4;4;4;4;4
"1734";1734;0;0;4;4;4;4;4;4;4
"1735";1735;0;0;4;4;4;4;4;4;4
"1736";1736;0;0;4;4;4;4;4;4;4
"1737";1737;0;0;4;4;4;4;4;4;4
"1738";1738;0;0;4;4;4;4;4;4;4
"1739";1739;0;0;4;4;4;4;4;4;4
"1740";1740;0;0;4;4;4;4;4;4;4
"1741";1741;0;0;4;4;4;4;4;4;4
"1742";1742;0;0;4;4;4;4;4;4;4
"1743";1743;0;0;4;4;4;4;4;4;4
"1744";1744;0;0;4;4;4;4;4;4;4
"1745";1745;0;0;4;4;4;4;4;4;4
"1746";1746;0;0;4;4;4;4;4;4;4
"1747";1747;0;0;4;4;4;4;4;4;4
"1748";1748;0;0;4;4;4;4;4;4;4
"1749";1749;0;0;4;4;4;4;4;4;4
"1750";1750;0;0;0;0;0;0;3;3;3
"1751";1751;0;0;4;4;4;4;4;4;4
"1752";1752;0;0;4;4;4;4;4;4;4
"1753";1753;0;0;4;4;4;4;4;4;4
"1754";1754;0;0;4;4;4;4;4;4;4
"1755";1755;0;0;4;4;4;4;4;4;4
"1756";1756;0;0;4;4;4;4;4;4;4
"1757";1757;0;0;4;4;4;4;4;4;4
"1758";1758;0;0;4;4;4;4;4;4;4
"1759";1759;0;0;4;4;4;4;4;4;4
"1760";1760;0;0;4;4;4;4;4;4;4
"1761";1761;0;0;4;4;4;4;4;4;4
"1762";1762;0;0;4;4;4;4;4;4;4
"1763";1763;0;0;4;4;4;4;4;4;4
"1764";1764;0;0;4;4;4;4;4;4;4
"1765";1765;0;0;4;4;4;4;4;4;4
"1766";1766;0;0;4;4;4;4;4;4;4
"1767";1767;0;0;4;4;4;4;4;4;4
"1768";1768;0;0;4;4;4;4;4;4;4
"1769";1769;0;0;4;4;4;4;4;4;4
"1770";1770;0;0;0;0;0;0;2;2;2
"1771";1771;0;0;4;4;4;4;4;4;4
"1772";1772;0;0;4;4;4;4;4;4;4
"1773";1773;0;0;4;4;4;4;4;4;4
"1774";1774;0;0;4;4;4;4;4;4;4
"1775";1775;0;0;0;0;0;0;2;2;2
"1776";1776;0;0;0;0;0;0;0;0;0
"1777";1777;0;0;0;0;0;0;0;0;0
"1778";1778;0;0;0;0;0;0;0;0;0
"1779";1779;0;0;0;0;0;0;0;0;0
"1780";1780;0;0;0;0;0;0;0;0;0
"1781";1781;0;0;0;0;0;0;0;0;0
"1782";1782;0;0;0;0;0;0;0;0;0
"1783";1783;0;0;0;0;0;0;2;2;2
"1784";1784;0;0;0;0;0;0;0;0;0
"1785";1785;0;0;0;0;0;0;0;0;0
"1786";1786;0;0;0;0;0;0;0;0;0
"1787";1787;0;0;0;0;0;0;0;0;0
"1788";1788;0;0;0;0;0;0;0;0;0
"1789";1789;0;0;0;0;0;0;0;0;0
"1790";1790;0;0;0;0;0;0;0;0;0
"1791";1791;0;0;0;0;0;0;0;0;0
"1792";1792;0;0;0;0;0;0;0;0;0
"1793";1793;0;0;0;0;0;0;0;0;0
"1794";1794;0;0;0;0;0;0;0;0;0
"1795";1795;0;0;0;0;0;0;0;0;0
"1796";1796;0;0;0;0;0;0;0;0;0
"1797";1797;0;0;0;0;0;0;0;0;0
"1798";1798;0;0;0;0;0;0;0;0;0
"1799";1799;0;0;0;0;0;0;0;0;0
"1800";1800;0;0;0;0;0;0;0;0;0
"1801";1801;0;0;0;0;0;0;0;0;0
"1802";1802;0;0;0;0;0;0;0;0;0
"1803";1803;0;0;0;0;0;0;0;0;0
"1804";1804;0;0;0;0;0;0;0;0;0
"1805";1805;0;0;0;0;0;0;2;2;2
"1806";1806;0;0;0;0;0;0;0;0;1
"1807";1807;0;0;0;0;0;0;2;2;2
"1808";1808;0;0;0;0;0;0;2;2;2
"1809";1809;0;0;0;0;0;0;2;2;2
"1810";1810;0;0;0;0;0;0;2;2;2
"1811";1811;0;0;0;0;0;0;2;2;2
"1812";1812;0;0;0;0;0;0;2;2;2
"1813";1813;0;0;0;0;0;0;2;2;2
"1814";1814;0;0;0;0;0;0;2;2;2
"1815";1815;0;0;0;0;0;0;0;0;0
"1816";1816;0;0;0;0;0;0;2;2;2
"1817";1817;0;0;0;0;0;0;0;0;1
"1818";1818;0;0;0;0;0;0;3;3;3
"1819";1819;0;0;0;0;0;0;2;2;2
"1820";1820;0;0;0;0;0;0;0;0;1
"1821";1821;0;0;0;0;0;0;3;3;3
"1822";1822;0;0;0;0;0;0;2;2;2
"1823";1823;0;0;0;0;0;0;2;2;2
"1824";1824;0;0;0;0;0;0;3;3;3
"1825";1825;0;0;0;0;0;0;2;2;2
"1826";1826;0;0;0;0;0;0;2;2;2
"1827";1827;0;0;0;0;0;0;2;2;2
"1828";1828;0;0;0;0;0;0;0;0;0
"1829";1829;0;0;0;0;0;0;0;0;1
"1830";1830;0;0;0;0;0;0;2;2;2
"1831";1831;0;0;0;0;0;0;2;2;2
"1832";1832;0;0;0;0;0;0;2;2;2
"1833";1833;0;0;0;0;0;0;2;2;2
"1834";1834;0;0;0;0;0;0;2;2;2
"1835";1835;0;0;0;0;0;0;2;2;2
"1836";1836;0;0;0;0;0;0;2;2;2
"1837";1837;0;0;0;0;0;0;2;2;2
"1838";1838;0;0;0;0;0;0;2;2;2
"1839";1839;0;0;0;0;0;0;2;2;2
"1840";1840;0;0;0;0;0;0;2;2;2
"1841";1841;0;0;0;0;0;0;2;2;2
"1842";1842;0;0;0;0;0;0;2;2;2
"1843";1843;0;0;0;0;0;0;2;2;2
"1844";1844;0;0;0;0;0;0;3;3;3
"1845";1845;0;0;0;0;0;0;2;2;2
"1846";1846;0;0;0;0;0;0;2;2;2
"1847";1847;0;0;0;0;0;0;2;2;2
"1848";1848;0;0;0;0;0;0;2;2;2
"1849";1849;0;0;0;0;0;0;2;2;2
"1850";1850;0;0;0;0;0;0;0;0;0
"1851";1851;0;0;0;0;0;0;2;2;2
"1852";1852;0;0;0;0;0;0;2;2;2
"1853";1853;0;0;0;0;0;0;2;2;2
"1854";1854;0;0;0;0;0;0;2;2;2
"1855";1855;0;0;0;0;0;0;2;2;2
"1856";1856;0;0;0;0;0;0;2;2;2
"1857";1857;0;0;0;0;0;0;2;2;2
"1858";1858;0;0;0;0;0;0;2;2;2
"1859";1859;0;0;0;0;0;0;0;0;0
"1860";1860;0;0;0;0;0;0;2;2;2
"1861";1861;0;0;0;0;0;0;2;2;2
"1862";1862;0;0;0;0;0;0;2;2;2
"1863";1863;0;0;0;0;0;0;3;3;3
"1864";1864;0;0;0;0;0;0;2;2;2
"1865";1865;0;0;0;0;0;0;2;2;2
"1866";1866;0;0;0;0;0;0;2;2;2
"1867";1867;0;0;0;0;0;0;2;2;2
"1868";1868;0;0;0;0;0;0;3;3;3
"1869";1869;0;0;0;0;0;0;2;2;2
"1870";1870;0;0;0;0;0;0;3;3;3
"1871";1871;0;0;0;0;0;0;2;2;2
"1872";1872;0;0;0;0;0;0;2;2;2
"1873";1873;0;0;0;0;0;0;3;3;3
"1874";1874;0;0;0;0;0;0;2;2;2
"1875";1875;0;0;4;4;4;4;4;4;4
"1876";1876;0;0;0;0;0;0;2;2;2
"1877";1877;0;0;0;0;0;0;2;2;2
"1878";1878;0;0;0;0;0;0;2;2;2
"1879";1879;0;0;0;0;0;0;0;0;1
"1880";1880;0;0;0;0;0;0;0;0;0
"1881";1881;0;0;0;0;0;0;0;0;0
"1882";1882;0;0;0;0;0;0;2;2;2
"1883";1883;0;0;0;0;0;0;2;2;2
"1884";1884;0;0;0;0;0;0;2;2;2
"1885";1885;0;0;0;0;0;0;2;2;2
"1886";1886;0;0;0;0;0;0;2;2;2
"1887";1887;0;0;0;0;0;0;2;2;2
"1888";1888;0;0;0;0;0;0;2;2;2
"1889";1889;0;0;0;0;0;0;2;2;2
"1890";1890;0;0;0;0;0;0;2;2;2
"1891";1891;0;0;0;0;0;0;2;2;2
"1892";1892;0;0;0;0;0;0;2;2;2
"1893";1893;0;0;0;0;0;0;2;2;2
"1894";1894;0;0;0;0;0;0;2;2;2
"1895";1895;0;0;0;0;0;0;3;3;3
"1896";1896;0;0;0;0;0;0;3;3;3
"1897";1897;0;0;0;0;0;0;0;0;1
"1898";1898;0;0;0;0;0;0;0;0;1
"1899";1899;0;0;0;0;0;0;0;0;1
"1900";1900;0;0;0;0;0;0;0;0;1
"1901";1901;0;0;0;0;0;0;0;0;1
"1902";1902;0;0;0;0;0;0;0;0;1
"1903";1903;0;0;0;0;0;0;0;0;1
"1904";1904;0;0;0;0;0;0;0;0;1
"1905";1905;0;0;0;0;0;0;0;0;1
"1906";1906;0;0;0;0;0;0;0;0;1
"1907";1907;0;0;0;0;0;0;0;0;1
"1908";1908;0;0;0;0;0;0;0;0;1
"1909";1909;0;0;0;0;0;0;0;0;1
"1910";1910;0;0;0;0;0;0;0;0;1
"1911";1911;0;0;0;0;0;0;0;0;1
"1912";1912;0;0;0;0;0;0;0;0;1
"1913";1913;0;0;0;0;0;0;3;3;3
"1914";1914;0;0;0;0;0;0;0;0;1
"1915";1915;0;0;0;0;0;0;0;0;1
"1916";1916;0;0;0;0;0;0;0;0;1
"1917";1917;0;0;0;0;0;0;0;0;1
"1918";1918;0;0;0;0;0;0;0;0;1
"1919";1919;0;0;0;0;0;0;0;0;1
"1920";1920;0;0;0;0;0;0;0;0;1
"1921";1921;0;0;0;0;0;0;0;0;1
"1922";1922;0;0;0;0;0;0;0;0;1
"1923";1923;0;0;0;0;0;0;0;0;1
"1924";1924;0;0;0;0;0;0;0;0;1
"1925";1925;0;0;0;0;0;0;0;0;1
"1926";1926;0;0;0;0;0;0;0;0;1
"1927";1927;0;0;0;0;0;0;0;0;1
"1928";1928;0;0;0;0;0;0;0;0;1
"1929";1929;0;0;0;0;0;0;2;2;2
"1930";1930;0;0;0;0;0;0;0;0;1
"1931";1931;0;0;0;0;0;0;0;0;1
"1932";1932;0;0;0;0;0;0;0;0;1
"1933";1933;0;0;0;0;0;0;0;0;1
"1934";1934;0;0;0;0;0;0;0;0;1
"1935";1935;0;0;0;0;0;0;0;0;1
"1936";1936;0;0;0;0;0;0;0;0;1
"1937";1937;0;0;0;0;0;0;0;0;1
"1938";1938;0;0;0;0;0;0;0;0;1
"1939";1939;0;0;0;0;0;0;0;0;1
"1940";1940;0;0;0;0;0;0;0;0;1
"1941";1941;0;0;0;0;0;0;0;0;1
"1942";1942;0;0;0;0;0;0;0;0;1
"1943";1943;0;0;0;0;0;0;0;0;1
"1944";1944;0;0;0;0;0;0;0;0;1
"1945";1945;0;0;0;0;0;0;0;0;1
"1946";1946;0;0;0;0;0;0;0;0;1
"1947";1947;0;0;0;0;0;0;0;0;1
"1948";1948;0;0;0;0;0;0;0;0;0
"1949";1949;0;0;0;0;0;0;3;3;3
"1950";1950;0;0;0;0;0;0;0;0;0
"1951";1951;0;0;4;4;4;4;4;4;4
"1952";1952;0;0;0;0;0;0;3;3;3
"1953";1953;0;0;0;0;0;0;2;2;2
"1954";1954;0;0;0;0;0;0;3;3;3
"1955";1955;0;0;4;4;4;4;4;4;4
"1956";1956;0;0;4;4;4;4;4;4;4
"1957";1957;0;0;4;4;4;4;4;4;4
"1958";1958;0;0;4;4;4;4;4;4;4
"1959";1959;0;0;0;0;0;0;0;0;0
"1960";1960;0;0;0;0;0;0;0;0;0
"1961";1961;0;0;0;0;0;0;3;3;3
"1962";1962;0;0;4;4;4;4;4;4;4
"1963";1963;0;0;0;0;0;0;0;0;0
"1964";1964;0;0;0;0;0;0;2;2;2
"1965";1965;0;0;0;0;0;0;0;0;1
"1966";1966;0;0;0;0;0;0;0;0;0
"1967";1967;0;0;0;0;0;0;0;0;0
"1968";1968;0;0;0;0;0;0;3;3;3
"1969";1969;0;0;0;0;0;0;0;0;1
"1970";1970;0;0;0;0;0;0;2;2;2
"1971";1971;0;0;0;0;0;0;3;3;3
"1972";1972;0;0;0;0;0;0;2;2;2
"1973";1973;0;0;4;4;4;4;4;4;4
"1974";1974;0;0;0;0;0;0;0;0;1
"1975";1975;0;0;0;0;0;0;0;0;0
"1976";1976;0;0;0;0;0;0;0;0;0
"1977";1977;0;0;0;0;0;0;3;3;3
"1978";1978;0;0;0;0;0;0;2;2;2
"1979";1979;0;0;0;0;0;0;3;3;3
"1980";1980;0;0;0;0;0;0;2;2;2
"1981";1981;0;0;4;4;4;4;4;4;4
"1982";1982;0;0;4;4;4;4;4;4;4
"1983";1983;0;0;4;4;4;4;4;4;4
"1984";1984;0;0;0;0;0;0;3;3;3
"1985";1985;0;0;4;4;4;4;4;4;4
"1986";1986;0;0;4;4;4;4;4;4;4
"1987";1987;0;0;0;0;0;0;0;0;0
"1988";1988;0;0;4;4;4;4;4;4;4
"1989";1989;0;0;4;4;4;4;4;4;4
"1990";1990;0;0;4;4;4;4;4;4;4
"1991";1991;0;0;4;4;4;4;4;4;4
"1992";1992;0;0;4;4;4;4;4;4;4
"1993";1993;0;0;4;4;4;4;4;4;4
"1994";1994;0;0;4;4;4;4;4;4;4
"1995";1995;0;0;4;4;4;4;4;4;4
"1996";1996;0;0;4;4;4;4;4;4;4
"1997";1997;0;0;4;4;4;4;4;4;4
"1998";1998;0;0;4;4;4;4;4;4;4
"1999";1999;0;0;4;4;4;4;4;4;4
"2000";2000;0;0;4;4;4;4;4;4;4
"2001";2001;0;0;4;4;4;4;4;4;4
"2002";2002;0;0;4;4;4;4;4;4;4
"2003";2003;0;0;4;4;4;4;4;4;4
"2004";2004;0;0;4;4;4;4;4;4;4
"2005";2005;0;0;4;4;4;4;4;4;4
"2006";2006;0;0;4;4;4;4;4;4;4
"2007";2007;0;0;4;4;4;4;4;4;4
"2008";2008;0;0;4;4;4;4;4;4;4
"2009";2009;0;0;0;0;0;0;0;0;0
"2010";2010;0;0;0;0;0;0;0;0;0
"2011";2011;0;0;0;0;0;0;0;0;0
"2012";2012;0;0;0;0;0;0;0;0;0
"2013";2013;0;0;4;4;4;4;4;4;4
"2014";2014;0;0;0;0;0;0;2;2;2
"2015";2015;0;0;0;0;0;0;0;0;0
"2016";2016;0;0;0;0;0;0;0;0;0
"2017";2017;0;0;0;0;0;0;0;0;0
"2018";2018;0;0;0;0;0;0;0;0;0
"2019";2019;0;0;0;0;0;0;0;0;0
"2020";2020;0;0;0;0;0;0;0;0;0
"2021";2021;0;0;0;0;0;0;3;3;3
"2022";2022;0;0;0;0;0;0;0;0;0
"2023";2023;0;0;0;0;0;0;0;0;0
"2024";2024;0;0;0;0;0;0;0;0;0
"2025";2025;0;0;0;0;0;0;0;0;0
"2026";2026;0;0;0;0;0;0;0;0;0
"2027";2027;0;0;0;0;0;0;2;2;2
"2028";2028;0;0;0;0;0;0;0;0;1
"2029";2029;0;0;0;0;0;0;0;0;1
"2030";2030;0;0;0;0;0;0;0;0;1
"2031";2031;0;0;0;0;0;0;0;0;1
"2032";2032;0;0;4;4;4;4;4;4;4
"2033";2033;0;0;0;0;0;0;0;0;1
"2034";2034;0;0;0;0;0;0;0;0;1
"2035";2035;0;0;0;0;0;0;0;0;1
"2036";2036;0;0;4;4;4;4;4;4;4
"2037";2037;0;0;0;0;0;0;0;0;1
"2038";2038;0;0;0;0;0;0;0;0;1
"2039";2039;0;0;0;0;0;0;0;0;1
"2040";2040;0;0;0;0;0;0;0;0;1
"2041";2041;0;0;0;0;0;0;0;0;1
"2042";2042;0;0;0;0;0;0;0;0;1
"2043";2043;0;0;0;0;0;0;0;0;1
"2044";2044;0;0;0;0;0;0;0;0;1
"2045";2045;0;0;0;0;0;0;0;0;1
"2046";2046;0;0;0;0;0;0;0;0;1
"2047";2047;0;0;0;0;0;0;0;0;1
"2048";2048;0;0;0;0;0;0;0;0;1
"2049";2049;0;0;4;4;4;4;4;4;4
"2050";2050;0;0;0;0;0;0;2;2;2
